,MIX_AC_AS_MyBrain_avg_makespans,MIX_AC_AS_MyBrain_avg_completions,MIX_AC_AS_MyBrain_avg_slowdowns,MIX_AC_AS_MyBrain_global_step,MIX_AC_AS_MyBrain_tictoc
0,832.5833333333334,170.46249803495363,7.903737742146923,"<tf.Variable 'global_step:0' shape=() dtype=int64, numpy=13680>",8.302742004394531
1,831.6666666666666,171.11249803495363,7.849790405482053,"<tf.Variable 'global_step:0' shape=() dtype=int64, numpy=13680>",7.4623167514801025
2,833.75,170.87531854777413,7.914533805206389,"<tf.Variable 'global_step:0' shape=() dtype=int64, numpy=13680>",7.905982971191406
3,830.5,171.70352367597926,7.906918949062146,"<tf.Variable 'global_step:0' shape=() dtype=int64, numpy=13680>",7.433179140090942
4,831.8333333333334,170.27403649649213,7.858273693072104,"<tf.Variable 'global_step:0' shape=() dtype=int64, numpy=13680>",7.456047058105469
5,839.0,168.31634418879977,7.62766998480901,"<tf.Variable 'global_step:0' shape=() dtype=int64, numpy=13680>",8.206542015075684
6,837.6666666666666,168.32660059905618,7.682512232712383,"<tf.Variable 'global_step:0' shape=() dtype=int64, numpy=13680>",7.70604395866394
7,835.6666666666666,167.9291647016203,7.730412542044067,"<tf.Variable 'global_step:0' shape=() dtype=int64, numpy=13680>",7.6152331829071045
8,837.5833333333334,169.75865188110745,7.814725317570095,"<tf.Variable 'global_step:0' shape=() dtype=int64, numpy=13680>",9.86525583267212
9,838.0833333333334,168.43813906059464,7.856362222706376,"<tf.Variable 'global_step:0' shape=() dtype=int64, numpy=13680>",10.96338176727295
10,716.5833333333334,107.12457743435512,1.7977092163027153,"<tf.Variable 'global_step:0' shape=() dtype=int64, numpy=13680>",7.263394117355347
11,712.5833333333334,107.62089011872088,1.8021577518799239,"<tf.Variable 'global_step:0' shape=() dtype=int64, numpy=13680>",6.6021809577941895
12,714.25,108.14375147565306,1.805695888077679,"<tf.Variable 'global_step:0' shape=() dtype=int64, numpy=13680>",8.875916957855225
13,708.9166666666666,108.78239454349965,1.817725742550553,"<tf.Variable 'global_step:0' shape=() dtype=int64, numpy=13680>",8.123493909835815
14,702.1666666666666,107.75658333406011,1.804655120014095,"<tf.Variable 'global_step:0' shape=() dtype=int64, numpy=13680>",6.682257175445557
15,696.5833333333334,107.86351548745249,1.7985607547255051,"<tf.Variable 'global_step:0' shape=() dtype=int64, numpy=13680>",7.033598899841309
16,695.6666666666666,108.41513790633151,1.8078657991784723,"<tf.Variable 'global_step:0' shape=() dtype=int64, numpy=13680>",7.013858079910278
17,694.75,108.17103761134628,1.8055301981780536,"<tf.Variable 'global_step:0' shape=() dtype=int64, numpy=13680>",6.75605583190918
18,698.6666666666666,108.39448893877989,1.8026939138868718,"<tf.Variable 'global_step:0' shape=() dtype=int64, numpy=13680>",8.367859840393066
19,693.9166666666666,108.39080162314569,1.8090187445075465,"<tf.Variable 'global_step:0' shape=() dtype=int64, numpy=13680>",7.018063068389893
20,1419.5833333333333,177.108680308108,5.05252324730417,"<tf.Variable 'global_step:0' shape=() dtype=int64, numpy=13680>",7.28131890296936
21,1450.5833333333333,176.9592550207517,5.078724020724243,"<tf.Variable 'global_step:0' shape=() dtype=int64, numpy=13680>",7.232338190078735
22,1469.3333333333333,175.72505961845283,4.996841631209402,"<tf.Variable 'global_step:0' shape=() dtype=int64, numpy=13680>",9.440181970596313
23,1450.0,176.91902513569426,5.055790923708822,"<tf.Variable 'global_step:0' shape=() dtype=int64, numpy=13680>",7.529848098754883
24,1451.6666666666667,177.90034697477464,5.080760711696156,"<tf.Variable 'global_step:0' shape=() dtype=int64, numpy=13680>",6.467137098312378
25,1448.5,178.2178757104069,5.113375490725008,"<tf.Variable 'global_step:0' shape=() dtype=int64, numpy=13680>",6.313538074493408
26,1440.8333333333333,178.8701745609816,5.226739604864584,"<tf.Variable 'global_step:0' shape=() dtype=int64, numpy=13680>",6.915331840515137
27,1442.6666666666667,177.11155387132638,5.0612250282107825,"<tf.Variable 'global_step:0' shape=() dtype=int64, numpy=13680>",7.105299949645996
28,1481.9166666666667,178.65896766442984,5.151051601915458,"<tf.Variable 'global_step:0' shape=() dtype=int64, numpy=13680>",6.887887954711914
29,1445.0,178.00092168741836,5.179369869050768,"<tf.Variable 'global_step:0' shape=() dtype=int64, numpy=13680>",6.965986728668213
30,424.8333333333333,101.36495643020571,8.484762030072309,"<tf.Variable 'global_step:0' shape=() dtype=int64, numpy=13680>",8.910011768341064
31,419.5,101.67448023972956,8.569935574611518,"<tf.Variable 'global_step:0' shape=() dtype=int64, numpy=13680>",10.589899778366089
32,413.25,100.77765484290414,8.376219903575103,"<tf.Variable 'global_step:0' shape=() dtype=int64, numpy=13680>",10.508933067321777
33,424.1666666666667,101.88281357306288,8.630219352746261,"<tf.Variable 'global_step:0' shape=() dtype=int64, numpy=13680>",10.521193265914917
34,422.3333333333333,101.3957103984597,8.563004849650435,"<tf.Variable 'global_step:0' shape=() dtype=int64, numpy=13680>",8.691269159317017
35,426.0833333333333,101.37289293814221,8.406919428735458,"<tf.Variable 'global_step:0' shape=() dtype=int64, numpy=13680>",11.464810132980347
36,424.3333333333333,102.02567071592001,8.659744930183264,"<tf.Variable 'global_step:0' shape=() dtype=int64, numpy=13680>",8.92920207977295
37,424.0,101.98698023972952,8.590527149877552,"<tf.Variable 'global_step:0' shape=() dtype=int64, numpy=13680>",8.789721012115479
38,426.3333333333333,102.6943215095708,8.608125501168796,"<tf.Variable 'global_step:0' shape=() dtype=int64, numpy=13680>",8.754950046539307
39,420.25,100.82527389052318,8.367959095290109,"<tf.Variable 'global_step:0' shape=() dtype=int64, numpy=13680>",8.55919623374939
40,285.1666666666667,63.752210983076424,5.223765732674283,"<tf.Variable 'global_step:0' shape=() dtype=int64, numpy=13680>",3.9276630878448486
41,285.8333333333333,61.960544316409774,4.8897291724435155,"<tf.Variable 'global_step:0' shape=() dtype=int64, numpy=13680>",4.4281110763549805
42,286.1666666666667,60.95359987196532,4.765172433174605,"<tf.Variable 'global_step:0' shape=() dtype=int64, numpy=13680>",3.752056837081909
43,285.6666666666667,61.46054431640977,4.848227805791141,"<tf.Variable 'global_step:0' shape=() dtype=int64, numpy=13680>",3.583467960357666
44,285.0,60.847697094187545,4.828790280910257,"<tf.Variable 'global_step:0' shape=() dtype=int64, numpy=13680>",3.523678779602051
45,285.0833333333333,60.53519709418754,4.805401606661191,"<tf.Variable 'global_step:0' shape=() dtype=int64, numpy=13680>",4.4420459270477295
46,285.0833333333333,59.87894709418754,4.6435545559889455,"<tf.Variable 'global_step:0' shape=() dtype=int64, numpy=13680>",4.194043159484863
47,285.0,59.75047487196532,4.68719925566801,"<tf.Variable 'global_step:0' shape=() dtype=int64, numpy=13680>",4.364397764205933
48,285.0,60.28866931640977,4.759089444089591,"<tf.Variable 'global_step:0' shape=() dtype=int64, numpy=13680>",4.305147886276245
49,285.25,60.06471098307643,4.6766263499184975,"<tf.Variable 'global_step:0' shape=() dtype=int64, numpy=13680>",3.6897997856140137
50,1234.3333333333333,231.29659950015625,11.60431776794002,"<tf.Variable 'global_step:0' shape=() dtype=int64, numpy=13680>",4.909231185913086
51,1231.0833333333333,232.75493283348953,11.859184560171249,"<tf.Variable 'global_step:0' shape=() dtype=int64, numpy=13680>",7.36620020866394
52,1233.9166666666667,232.1229883890451,11.638145483285731,"<tf.Variable 'global_step:0' shape=() dtype=int64, numpy=13680>",5.739892959594727
53,1232.8333333333333,237.67680783348956,12.461988726047915,"<tf.Variable 'global_step:0' shape=() dtype=int64, numpy=13680>",6.684610843658447
54,1230.75,236.9823633890451,12.478863189765251,"<tf.Variable 'global_step:0' shape=() dtype=int64, numpy=13680>",5.160122871398926
55,1233.0,235.73409950015625,11.95656998219573,"<tf.Variable 'global_step:0' shape=() dtype=int64, numpy=13680>",5.6098480224609375
56,1233.0833333333333,233.81222450015625,11.594154711680952,"<tf.Variable 'global_step:0' shape=() dtype=int64, numpy=13680>",5.6530492305755615
57,1234.5833333333333,225.39555783348956,11.139898666599466,"<tf.Variable 'global_step:0' shape=() dtype=int64, numpy=13680>",5.037056922912598
58,1233.9166666666667,224.2757661668229,10.616084505902274,"<tf.Variable 'global_step:0' shape=() dtype=int64, numpy=13680>",4.84148383140564
59,1236.0833333333333,228.24972450015625,11.05486382975731,"<tf.Variable 'global_step:0' shape=() dtype=int64, numpy=13680>",5.164720058441162
60,643.25,79.97991919327713,1.6057009897869559,"<tf.Variable 'global_step:0' shape=() dtype=int64, numpy=13680>",4.371649980545044
61,644.0,80.50224062184854,1.6146050054777923,"<tf.Variable 'global_step:0' shape=() dtype=int64, numpy=13680>",4.1553730964660645
62,643.3333333333334,80.63765728851523,1.6193707340658967,"<tf.Variable 'global_step:0' shape=() dtype=int64, numpy=13680>",3.974238872528076
63,641.25,79.8638477647057,1.603189097717557,"<tf.Variable 'global_step:0' shape=() dtype=int64, numpy=13680>",5.042993783950806
64,643.9166666666666,80.00670490756285,1.6079214159466053,"<tf.Variable 'global_step:0' shape=() dtype=int64, numpy=13680>",4.131907939910889
65,642.0,80.06027633613427,1.6082033708952486,"<tf.Variable 'global_step:0' shape=() dtype=int64, numpy=13680>",4.542856216430664
66,643.6666666666666,80.08855014565808,1.609612567550422,"<tf.Variable 'global_step:0' shape=() dtype=int64, numpy=13680>",4.431213855743408
67,642.8333333333334,79.85640728851523,1.609293055941194,"<tf.Variable 'global_step:0' shape=() dtype=int64, numpy=13680>",4.209504127502441
68,643.25,80.12724062184854,1.6092121177959708,"<tf.Variable 'global_step:0' shape=() dtype=int64, numpy=13680>",4.891418695449829
69,644.0833333333334,80.12277633613427,1.611827748459057,"<tf.Variable 'global_step:0' shape=() dtype=int64, numpy=13680>",4.166838884353638
70,602.8333333333334,124.93273118414588,5.640869768280812,"<tf.Variable 'global_step:0' shape=() dtype=int64, numpy=13680>",5.089062929153442
71,607.1666666666666,122.95623545765018,5.3812077955574695,"<tf.Variable 'global_step:0' shape=() dtype=int64, numpy=13680>",4.264724969863892
72,605.75,123.0587995602143,5.285770811886257,"<tf.Variable 'global_step:0' shape=() dtype=int64, numpy=13680>",5.041730165481567
73,603.0,122.92418417559891,5.398351305802124,"<tf.Variable 'global_step:0' shape=() dtype=int64, numpy=13680>",5.1180150508880615
74,606.0,123.43914144055616,5.4511143277088685,"<tf.Variable 'global_step:0' shape=() dtype=int64, numpy=13680>",4.368743181228638
75,606.6666666666666,124.15709015850486,5.533341282683544,"<tf.Variable 'global_step:0' shape=() dtype=int64, numpy=13680>",4.890810966491699
76,603.0,124.03743203884675,5.503275961898528,"<tf.Variable 'global_step:0' shape=() dtype=int64, numpy=13680>",4.351702928543091
77,606.1666666666666,124.5075175089322,5.600100795164327,"<tf.Variable 'global_step:0' shape=() dtype=int64, numpy=13680>",4.142171144485474
78,605.9166666666666,123.55025255166726,5.37392728116533,"<tf.Variable 'global_step:0' shape=() dtype=int64, numpy=13680>",4.396046161651611
79,604.0833333333334,122.55452605594077,5.369998476008569,"<tf.Variable 'global_step:0' shape=() dtype=int64, numpy=13680>",4.231277227401733
80,635.75,95.31352250892354,7.427890258623187,"<tf.Variable 'global_step:0' shape=() dtype=int64, numpy=13680>",6.123816013336182
81,637.8333333333334,95.14002524116397,7.330789949404462,"<tf.Variable 'global_step:0' shape=() dtype=int64, numpy=13680>",6.1676342487335205
82,637.9166666666666,95.65505256356835,7.429743671184794,"<tf.Variable 'global_step:0' shape=() dtype=int64, numpy=13680>",5.77596378326416
83,635.4166666666666,95.58401431220223,7.360651475036938,"<tf.Variable 'global_step:0' shape=() dtype=int64, numpy=13680>",5.697846174240112
84,637.1666666666666,94.86543507722955,7.357412488397472,"<tf.Variable 'global_step:0' shape=() dtype=int64, numpy=13680>",5.672206163406372
85,636.5,94.90505256356835,7.394994210119557,"<tf.Variable 'global_step:0' shape=() dtype=int64, numpy=13680>",6.133044004440308
86,637.8333333333334,94.35997059635521,7.34585156534084,"<tf.Variable 'global_step:0' shape=() dtype=int64, numpy=13680>",5.606418132781982
87,637.6666666666666,94.15505256356835,7.3478135004201235,"<tf.Variable 'global_step:0' shape=() dtype=int64, numpy=13680>",6.491008043289185
88,633.9166666666666,94.21926021384157,7.281348827327444,"<tf.Variable 'global_step:0' shape=() dtype=int64, numpy=13680>",5.7043750286102295
89,632.0,93.09904163460659,7.218709767736583,"<tf.Variable 'global_step:0' shape=() dtype=int64, numpy=13680>",6.1986939907073975
90,388.0,109.49607020309641,13.43462331707048,"<tf.Variable 'global_step:0' shape=() dtype=int64, numpy=13680>",3.5964560508728027
91,384.1666666666667,110.21497567573323,13.403755909594969,"<tf.Variable 'global_step:0' shape=() dtype=int64, numpy=13680>",3.771212100982666
92,385.9166666666667,110.26472691951433,13.479361527117367,"<tf.Variable 'global_step:0' shape=() dtype=int64, numpy=13680>",3.6532442569732666
93,385.4166666666667,109.33437866080784,13.340174695151738,"<tf.Variable 'global_step:0' shape=() dtype=int64, numpy=13680>",3.6058387756347656
94,382.1666666666667,107.30328413344468,12.934986374245801,"<tf.Variable 'global_step:0' shape=() dtype=int64, numpy=13680>",3.6935300827026367
95,387.6666666666667,108.72865726777303,13.318453987820563,"<tf.Variable 'global_step:0' shape=() dtype=int64, numpy=13680>",4.211817979812622
96,388.0833333333333,108.23114482996208,13.132839668934368,"<tf.Variable 'global_step:0' shape=() dtype=int64, numpy=13680>",3.6459362506866455
97,388.8333333333333,109.45626920807153,13.272959816069262,"<tf.Variable 'global_step:0' shape=() dtype=int64, numpy=13680>",4.104536056518555
98,383.9166666666667,109.07940353642972,13.143612453877438,"<tf.Variable 'global_step:0' shape=() dtype=int64, numpy=13680>",3.64621901512146
99,381.6666666666667,108.95502542697703,12.937695709302936,"<tf.Variable 'global_step:0' shape=() dtype=int64, numpy=13680>",3.6371140480041504
100,1001.1666666666666,273.89609996940885,18.91235522370478,"<tf.Variable 'global_step:0' shape=() dtype=int64, numpy=13680>",5.353384017944336
101,1020.1666666666666,275.15781871940885,19.256425691720803,"<tf.Variable 'global_step:0' shape=() dtype=int64, numpy=13680>",5.589457035064697
102,1011.3333333333334,274.62656871940885,19.499833996150603,"<tf.Variable 'global_step:0' shape=() dtype=int64, numpy=13680>",4.952221870422363
103,1053.1666666666667,277.22552705274217,20.049641619851098,"<tf.Variable 'global_step:0' shape=() dtype=int64, numpy=13680>",5.054743051528931
104,1041.5833333333333,280.77240205274217,20.811736435149676,"<tf.Variable 'global_step:0' shape=() dtype=int64, numpy=13680>",5.180805683135986
105,1052.0,279.36615205274217,20.078578724205112,"<tf.Variable 'global_step:0' shape=() dtype=int64, numpy=13680>",5.6442790031433105
106,1036.0,276.84922496940885,19.817245736047273,"<tf.Variable 'global_step:0' shape=() dtype=int64, numpy=13680>",5.614516019821167
107,1045.1666666666667,273.35313121940885,19.29051539315722,"<tf.Variable 'global_step:0' shape=() dtype=int64, numpy=13680>",5.076152801513672
108,1046.6666666666667,277.57057913607554,20.124082234336814,"<tf.Variable 'global_step:0' shape=() dtype=int64, numpy=13680>",5.0344860553741455
109,1022.5833333333334,275.92865205274217,19.450575687735377,"<tf.Variable 'global_step:0' shape=() dtype=int64, numpy=13680>",5.008968830108643
110,2138.4166666666665,339.0082397247378,4.823931580332808,"<tf.Variable 'global_step:0' shape=() dtype=int64, numpy=13680>",9.122348070144653
111,2137.5833333333335,345.50340880686343,4.919495347622177,"<tf.Variable 'global_step:0' shape=() dtype=int64, numpy=13680>",9.682767868041992
112,2168.3333333333335,348.11935083584893,4.96126515943394,"<tf.Variable 'global_step:0' shape=() dtype=int64, numpy=13680>",9.569727897644043
113,2165.0,352.24495470058326,5.039518225670206,"<tf.Variable 'global_step:0' shape=() dtype=int64, numpy=13680>",9.876798868179321
114,2163.1666666666665,349.565003009762,4.969059950168524,"<tf.Variable 'global_step:0' shape=() dtype=int64, numpy=13680>",9.359396934509277
115,2166.0833333333335,350.21476146386823,4.986704977840401,"<tf.Variable 'global_step:0' shape=() dtype=int64, numpy=13680>",9.89661693572998
116,2139.8333333333335,351.0179015604867,5.033789061408755,"<tf.Variable 'global_step:0' shape=() dtype=int64, numpy=13680>",9.783765077590942
117,2147.0,348.63746677787793,4.991917680437202,"<tf.Variable 'global_step:0' shape=() dtype=int64, numpy=13680>",10.007915019989014
118,2163.0,351.79688706773294,5.0200840037277645,"<tf.Variable 'global_step:0' shape=() dtype=int64, numpy=13680>",9.922889947891235
119,2152.5833333333335,354.2377083237716,5.028889707805261,"<tf.Variable 'global_step:0' shape=() dtype=int64, numpy=13680>",9.16599702835083
120,1344.75,333.38538308655154,2.4480416401347935,"<tf.Variable 'global_step:0' shape=() dtype=int64, numpy=13680>",5.368612766265869
121,1353.1666666666667,330.380332581501,2.41634623261548,"<tf.Variable 'global_step:0' shape=() dtype=int64, numpy=13680>",4.582502841949463
122,1346.5833333333333,333.69346389463243,2.4552729982893786,"<tf.Variable 'global_step:0' shape=() dtype=int64, numpy=13680>",4.482905149459839
123,1343.25,336.99144369261217,2.493943611077197,"<tf.Variable 'global_step:0' shape=() dtype=int64, numpy=13680>",4.405128240585327
124,1337.4166666666667,338.01922147038994,2.5185413132603216,"<tf.Variable 'global_step:0' shape=() dtype=int64, numpy=13680>",5.1150641441345215
125,1339.6666666666667,334.87023157140004,2.475744500889318,"<tf.Variable 'global_step:0' shape=() dtype=int64, numpy=13680>",4.3856518268585205
126,1331.4166666666667,338.80457500574346,2.5481614839811177,"<tf.Variable 'global_step:0' shape=() dtype=int64, numpy=13680>",5.294283151626587
127,1335.0833333333333,338.5267972279657,2.5297327158331693,"<tf.Variable 'global_step:0' shape=() dtype=int64, numpy=13680>",4.64031195640564
128,1342.75,332.94093864210714,2.479852118611886,"<tf.Variable 'global_step:0' shape=() dtype=int64, numpy=13680>",4.541630029678345
129,1344.9166666666667,328.6858881370567,2.414912875968183,"<tf.Variable 'global_step:0' shape=() dtype=int64, numpy=13680>",4.458313941955566
130,1662.25,448.55112771768466,5.285480330162186,"<tf.Variable 'global_step:0' shape=() dtype=int64, numpy=13680>",9.370877981185913
131,1719.6666666666667,467.69506711162404,5.593462188884964,"<tf.Variable 'global_step:0' shape=() dtype=int64, numpy=13680>",9.64459490776062
132,1678.75,466.98294589950274,5.891270941396429,"<tf.Variable 'global_step:0' shape=() dtype=int64, numpy=13680>",9.620001077651978
133,1666.0833333333333,456.31627923283605,5.910495555185103,"<tf.Variable 'global_step:0' shape=() dtype=int64, numpy=13680>",9.813794136047363
134,1659.9166666666667,455.45453680859373,5.752975606290953,"<tf.Variable 'global_step:0' shape=() dtype=int64, numpy=13680>",9.791761875152588
135,1653.1666666666667,457.2651428691998,5.682032542476494,"<tf.Variable 'global_step:0' shape=() dtype=int64, numpy=13680>",9.119488000869751
136,1662.25,456.09279438435124,5.842696086975102,"<tf.Variable 'global_step:0' shape=() dtype=int64, numpy=13680>",9.32974100112915
137,1675.3333333333333,463.8390065055634,5.928745601386417,"<tf.Variable 'global_step:0' shape=() dtype=int64, numpy=13680>",9.23673391342163
138,1683.5833333333333,468.0587034752603,5.925626692465113,"<tf.Variable 'global_step:0' shape=() dtype=int64, numpy=13680>",9.807056188583374
139,1680.9166666666667,468.3844610510179,5.791120414210468,"<tf.Variable 'global_step:0' shape=() dtype=int64, numpy=13680>",9.168001174926758
140,434.0,132.83822793410653,9.90565896117978,"<tf.Variable 'global_step:0' shape=() dtype=int64, numpy=13680>",2.3485569953918457
141,434.0,135.1840612674399,10.503645599748907,"<tf.Variable 'global_step:0' shape=() dtype=int64, numpy=13680>",2.564378023147583
142,434.0,133.79656126743984,10.277712038109367,"<tf.Variable 'global_step:0' shape=() dtype=int64, numpy=13680>",2.2405219078063965
143,434.0,132.00281126743985,9.595897165323509,"<tf.Variable 'global_step:0' shape=() dtype=int64, numpy=13680>",2.5372190475463867
144,434.0,133.8798946007732,10.088927613387616,"<tf.Variable 'global_step:0' shape=() dtype=int64, numpy=13680>",2.5378050804138184
145,434.0,133.2153112674399,9.974023076392173,"<tf.Variable 'global_step:0' shape=() dtype=int64, numpy=13680>",2.2352969646453857
146,434.0,132.9798946007732,10.024979422753747,"<tf.Variable 'global_step:0' shape=() dtype=int64, numpy=13680>",2.5668420791625977
147,434.0,133.18197793410653,9.83680810832044,"<tf.Variable 'global_step:0' shape=() dtype=int64, numpy=13680>",2.568603038787842
148,434.0,133.73822793410653,10.095474968031825,"<tf.Variable 'global_step:0' shape=() dtype=int64, numpy=13680>",2.2259907722473145
149,434.0,134.03822793410652,10.078610164314703,"<tf.Variable 'global_step:0' shape=() dtype=int64, numpy=13680>",3.0750620365142822
150,362.3333333333333,70.42826738963298,6.841285602692937,"<tf.Variable 'global_step:0' shape=() dtype=int64, numpy=13680>",2.753113031387329
151,353.25,69.25254275195181,6.824550917536733,"<tf.Variable 'global_step:0' shape=() dtype=int64, numpy=13680>",2.66487193107605
152,362.8333333333333,69.65652825919818,6.956013108552059,"<tf.Variable 'global_step:0' shape=() dtype=int64, numpy=13680>",2.7426652908325195
153,355.4166666666667,69.5260934765895,7.062671824474662,"<tf.Variable 'global_step:0' shape=() dtype=int64, numpy=13680>",2.4355709552764893
154,361.8333333333333,69.7471079693431,7.166939973815556,"<tf.Variable 'global_step:0' shape=() dtype=int64, numpy=13680>",2.404500961303711
155,360.5,69.29058623021268,7.1222814133211445,"<tf.Variable 'global_step:0' shape=() dtype=int64, numpy=13680>",2.7951250076293945
156,356.5,67.78877463600976,6.968179420789123,"<tf.Variable 'global_step:0' shape=() dtype=int64, numpy=13680>",2.7012150287628174
157,362.6666666666667,67.16739782441557,6.856736172221652,"<tf.Variable 'global_step:0' shape=() dtype=int64, numpy=13680>",2.6784188747406006
158,354.25,66.267035505575,6.818761469708096,"<tf.Variable 'global_step:0' shape=() dtype=int64, numpy=13680>",2.701402187347412
159,359.0,67.73442680992282,7.111122496984021,"<tf.Variable 'global_step:0' shape=() dtype=int64, numpy=13680>",2.7352499961853027
160,222.0,27.426190025637094,1.1182855600052561,"<tf.Variable 'global_step:0' shape=() dtype=int64, numpy=13680>",1.7415060997009277
161,222.0,27.379761454208523,1.1122983139386464,"<tf.Variable 'global_step:0' shape=() dtype=int64, numpy=13680>",1.4531707763671875
162,222.0,27.38333288277995,1.1143067108002396,"<tf.Variable 'global_step:0' shape=() dtype=int64, numpy=13680>",1.4455018043518066
163,222.0,27.40952335897043,1.1174476861240568,"<tf.Variable 'global_step:0' shape=() dtype=int64, numpy=13680>",1.4209249019622803
164,222.0,27.395237644684716,1.1151473922218929,"<tf.Variable 'global_step:0' shape=() dtype=int64, numpy=13680>",1.6984179019927979
165,222.0,27.42142812087519,1.1149401011450097,"<tf.Variable 'global_step:0' shape=() dtype=int64, numpy=13680>",1.4193201065063477
166,222.0,27.392856692303763,1.1143245736804952,"<tf.Variable 'global_step:0' shape=() dtype=int64, numpy=13680>",1.4338481426239014
167,222.0,27.427380501827567,1.115550722132917,"<tf.Variable 'global_step:0' shape=() dtype=int64, numpy=13680>",2.507840871810913
168,222.0,27.430951930399,1.1201630610613342,"<tf.Variable 'global_step:0' shape=() dtype=int64, numpy=13680>",1.7928571701049805
169,222.0,27.427380501827567,1.1188654751592173,"<tf.Variable 'global_step:0' shape=() dtype=int64, numpy=13680>",1.8152580261230469
170,732.75,204.6661392949416,8.870867031985016,"<tf.Variable 'global_step:0' shape=() dtype=int64, numpy=13680>",5.026925802230835
171,736.0833333333334,205.20086151716382,8.886049055836484,"<tf.Variable 'global_step:0' shape=() dtype=int64, numpy=13680>",4.9733710289001465
172,733.0833333333334,204.4277133690157,8.84195930151444,"<tf.Variable 'global_step:0' shape=() dtype=int64, numpy=13680>",4.978405237197876
173,736.5833333333334,204.82354670234898,8.776358768475268,"<tf.Variable 'global_step:0' shape=() dtype=int64, numpy=13680>",5.0185441970825195
174,731.25,205.31197262827493,8.812648450632496,"<tf.Variable 'global_step:0' shape=() dtype=int64, numpy=13680>",5.015489101409912
175,732.0833333333334,202.84900966531197,8.59374608598668,"<tf.Variable 'global_step:0' shape=() dtype=int64, numpy=13680>",5.014122009277344
176,733.75,202.56660225790458,8.888698825895846,"<tf.Variable 'global_step:0' shape=() dtype=int64, numpy=13680>",5.965156078338623
177,724.9166666666666,202.7170652208675,8.701499269635569,"<tf.Variable 'global_step:0' shape=() dtype=int64, numpy=13680>",4.992307901382446
178,723.6666666666666,202.77956522086754,8.85449976093441,"<tf.Variable 'global_step:0' shape=() dtype=int64, numpy=13680>",5.337655067443848
179,732.0,201.86984299864525,8.824406953012629,"<tf.Variable 'global_step:0' shape=() dtype=int64, numpy=13680>",4.978869915008545
180,429.75,41.432442261816504,1.9714590207818834,"<tf.Variable 'global_step:0' shape=() dtype=int64, numpy=13680>",3.2428579330444336
181,427.9166666666667,41.58522003959429,1.986708487478631,"<tf.Variable 'global_step:0' shape=() dtype=int64, numpy=13680>",3.193812370300293
182,426.8333333333333,41.58059040996466,2.002667619248602,"<tf.Variable 'global_step:0' shape=() dtype=int64, numpy=13680>",3.2042598724365234
183,427.6666666666667,41.214849669223916,1.9448423603762262,"<tf.Variable 'global_step:0' shape=() dtype=int64, numpy=13680>",3.8983120918273926
184,429.4166666666667,41.33830645934737,1.9784087277367342,"<tf.Variable 'global_step:0' shape=() dtype=int64, numpy=13680>",3.2308149337768555
185,429.5,41.44787436058194,1.9801651851310986,"<tf.Variable 'global_step:0' shape=() dtype=int64, numpy=13680>",3.254572868347168
186,429.3333333333333,41.452503990211575,1.924940302020432,"<tf.Variable 'global_step:0' shape=() dtype=int64, numpy=13680>",3.190742015838623
187,430.9166666666667,41.596022508730094,1.97743238654774,"<tf.Variable 'global_step:0' shape=() dtype=int64, numpy=13680>",3.185781955718994
188,429.8333333333333,41.53892374329799,1.9623041296340913,"<tf.Variable 'global_step:0' shape=() dtype=int64, numpy=13680>",3.863034963607788
189,428.8333333333333,41.611454607495524,2.0057742220446797,"<tf.Variable 'global_step:0' shape=() dtype=int64, numpy=13680>",3.2271339893341064
190,1509.3333333333333,288.50639407717637,2.6479570763845097,"<tf.Variable 'global_step:0' shape=() dtype=int64, numpy=13680>",5.769066333770752
191,1508.5833333333333,282.7477135216208,2.5797634880767286,"<tf.Variable 'global_step:0' shape=() dtype=int64, numpy=13680>",5.998953819274902
192,1507.9166666666667,281.1331301882875,2.584109730446312,"<tf.Variable 'global_step:0' shape=() dtype=int64, numpy=13680>",5.78954291343689
193,1510.25,283.80500518828757,2.5818622970158365,"<tf.Variable 'global_step:0' shape=() dtype=int64, numpy=13680>",6.074364900588989
194,1506.1666666666667,278.8744496327319,2.5892143614623304,"<tf.Variable 'global_step:0' shape=() dtype=int64, numpy=13680>",5.909332990646362
195,1508.5,283.98035241050974,2.607208899251801,"<tf.Variable 'global_step:0' shape=() dtype=int64, numpy=13680>",5.861771106719971
196,1509.1666666666667,285.4195885216208,2.6097308997194757,"<tf.Variable 'global_step:0' shape=() dtype=int64, numpy=13680>",6.436906099319458
197,1504.6666666666667,284.9352135216208,2.6125704098786033,"<tf.Variable 'global_step:0' shape=() dtype=int64, numpy=13680>",5.872190952301025
198,1507.75,289.98035241050974,2.666266530768646,"<tf.Variable 'global_step:0' shape=() dtype=int64, numpy=13680>",6.87990403175354
199,1510.6666666666667,293.33625518828757,2.6630231256730204,"<tf.Variable 'global_step:0' shape=() dtype=int64, numpy=13680>",5.991006851196289
200,384.6666666666667,47.16406647613559,2.3783397970714524,"<tf.Variable 'global_step:0' shape=() dtype=int64, numpy=13680>",2.9228830337524414
201,383.5,47.69184425391336,2.3984589121822086,"<tf.Variable 'global_step:0' shape=() dtype=int64, numpy=13680>",2.67842698097229
202,385.25,47.21523606677886,2.3279000555539757,"<tf.Variable 'global_step:0' shape=() dtype=int64, numpy=13680>",2.2949671745300293
203,382.5,47.06318928315313,2.352308246794475,"<tf.Variable 'global_step:0' shape=() dtype=int64, numpy=13680>",2.2811501026153564
204,384.6666666666667,47.181610335784704,2.296519281372059,"<tf.Variable 'global_step:0' shape=() dtype=int64, numpy=13680>",2.62388014793396
205,384.5,47.228393961515685,2.3824106742982076,"<tf.Variable 'global_step:0' shape=() dtype=int64, numpy=13680>",2.9359827041625977
206,384.4166666666667,47.59973899075547,2.4152417299253286,"<tf.Variable 'global_step:0' shape=() dtype=int64, numpy=13680>",2.968343734741211
207,385.5,47.26055770420575,2.3346161429757752,"<tf.Variable 'global_step:0' shape=() dtype=int64, numpy=13680>",2.7214410305023193
208,385.5833333333333,47.43453431239289,2.3531242404712756,"<tf.Variable 'global_step:0' shape=() dtype=int64, numpy=13680>",2.304574966430664
209,384.8333333333333,47.28541150537534,2.3973985052158393,"<tf.Variable 'global_step:0' shape=() dtype=int64, numpy=13680>",2.2843949794769287
210,1407.9166666666667,159.6952104844979,1.4741715356947755,"<tf.Variable 'global_step:0' shape=() dtype=int64, numpy=13680>",6.885267972946167
211,1409.3333333333333,160.28922757851498,1.4907988944075672,"<tf.Variable 'global_step:0' shape=() dtype=int64, numpy=13680>",7.03453803062439
212,1397.3333333333333,160.67597971526715,1.498280250424461,"<tf.Variable 'global_step:0' shape=() dtype=int64, numpy=13680>",7.049773931503296
213,1402.75,160.90354381783123,1.4967050681256395,"<tf.Variable 'global_step:0' shape=() dtype=int64, numpy=13680>",5.8860180377960205
214,1406.3333333333333,160.06273185201925,1.4779134432022725,"<tf.Variable 'global_step:0' shape=() dtype=int64, numpy=13680>",6.901867151260376
215,1419.5,159.15033868962612,1.4652391342145668,"<tf.Variable 'global_step:0' shape=() dtype=int64, numpy=13680>",6.841221809387207
216,1420.9166666666667,159.06486860415603,1.467202192059269,"<tf.Variable 'global_step:0' shape=() dtype=int64, numpy=13680>",5.9751176834106445
217,1428.5,158.4986292879167,1.4520309755388288,"<tf.Variable 'global_step:0' shape=() dtype=int64, numpy=13680>",6.0095319747924805
218,1426.8333333333333,158.66743270672012,1.4450672458962046,"<tf.Variable 'global_step:0' shape=() dtype=int64, numpy=13680>",6.288187742233276
219,1431.6666666666667,158.47939851868594,1.4435599578543974,"<tf.Variable 'global_step:0' shape=() dtype=int64, numpy=13680>",6.012761116027832
220,1613.75,255.1828716723239,3.2810807801801474,"<tf.Variable 'global_step:0' shape=() dtype=int64, numpy=13680>",7.338886737823486
221,1615.6666666666667,253.37133321078545,3.167634070461954,"<tf.Variable 'global_step:0' shape=() dtype=int64, numpy=13680>",7.849624156951904
222,1611.8333333333333,252.5713332107854,3.1780702903494458,"<tf.Variable 'global_step:0' shape=() dtype=int64, numpy=13680>",8.350307941436768
223,1609.0833333333333,253.5072306466828,3.250865138750903,"<tf.Variable 'global_step:0' shape=() dtype=int64, numpy=13680>",7.797212839126587
224,1616.5,255.51107680052903,3.3227116638203817,"<tf.Variable 'global_step:0' shape=() dtype=int64, numpy=13680>",7.36660099029541
225,1615.1666666666667,254.59569218514437,3.423518217346302,"<tf.Variable 'global_step:0' shape=() dtype=int64, numpy=13680>",8.484131097793579
226,1613.3333333333333,255.23415372360594,3.2684129009149725,"<tf.Variable 'global_step:0' shape=() dtype=int64, numpy=13680>",8.30531096458435
227,1616.0833333333333,253.80979474924698,3.267366466420753,"<tf.Variable 'global_step:0' shape=() dtype=int64, numpy=13680>",7.6284589767456055
228,1614.1666666666667,256.47646141591366,3.4401958641351817,"<tf.Variable 'global_step:0' shape=() dtype=int64, numpy=13680>",7.555633068084717
229,1614.3333333333333,255.04056398001617,3.3740110930229044,"<tf.Variable 'global_step:0' shape=() dtype=int64, numpy=13680>",8.525606155395508
230,1084.0833333333333,135.94078674590577,3.5004539857210566,"<tf.Variable 'global_step:0' shape=() dtype=int64, numpy=13680>",6.714648246765137
231,1077.25,135.74955867573033,3.4941374328778863,"<tf.Variable 'global_step:0' shape=() dtype=int64, numpy=13680>",6.6174609661102295
232,1079.0,136.5539446406426,3.521994105071101,"<tf.Variable 'global_step:0' shape=() dtype=int64, numpy=13680>",7.603709936141968
233,1072.8333333333333,136.2241200792391,3.52602456758976,"<tf.Variable 'global_step:0' shape=() dtype=int64, numpy=13680>",6.902807235717773
234,1081.1666666666667,136.45219025467767,3.5047287310821775,"<tf.Variable 'global_step:0' shape=() dtype=int64, numpy=13680>",6.61055588722229
235,1080.1666666666667,135.64078674590579,3.4748672111217704,"<tf.Variable 'global_step:0' shape=() dtype=int64, numpy=13680>",6.66680908203125
236,1078.5,135.98026043011626,3.4993635892611734,"<tf.Variable 'global_step:0' shape=() dtype=int64, numpy=13680>",7.661864757537842
237,1075.4166666666667,136.48552358801103,3.5267136606804397,"<tf.Variable 'global_step:0' shape=() dtype=int64, numpy=13680>",6.6024181842803955
238,1082.0833333333333,136.86885692134436,3.520062784752707,"<tf.Variable 'global_step:0' shape=() dtype=int64, numpy=13680>",6.666547775268555
239,1076.4166666666667,136.57412007923907,3.526791877044799,"<tf.Variable 'global_step:0' shape=() dtype=int64, numpy=13680>",7.663515090942383
240,1552.0,378.25786503673663,4.092752767969458,"<tf.Variable 'global_step:0' shape=() dtype=int64, numpy=13680>",6.440259695053101
241,1551.6666666666667,383.9245317034035,4.185356718526065,"<tf.Variable 'global_step:0' shape=() dtype=int64, numpy=13680>",6.196389675140381
242,1553.5,384.78022276031396,4.163250250534813,"<tf.Variable 'global_step:0' shape=() dtype=int64, numpy=13680>",6.586350917816162
243,1554.3333333333333,387.1948569066554,4.239137230649933,"<tf.Variable 'global_step:0' shape=() dtype=int64, numpy=13680>",6.614492893218994
244,1553.5833333333333,380.9245317034033,4.107001314180832,"<tf.Variable 'global_step:0' shape=() dtype=int64, numpy=13680>",6.309948921203613
245,1552.5833333333333,383.4224991830782,4.124092994715219,"<tf.Variable 'global_step:0' shape=() dtype=int64, numpy=13680>",6.231848955154419
246,1552.9166666666667,385.6420113782001,4.187861736370907,"<tf.Variable 'global_step:0' shape=() dtype=int64, numpy=13680>",6.269158124923706
247,1554.4166666666667,385.51396259771235,4.210801664367374,"<tf.Variable 'global_step:0' shape=() dtype=int64, numpy=13680>",7.442756175994873
248,1549.9166666666667,383.5851008090944,4.1080287407187654,"<tf.Variable 'global_step:0' shape=() dtype=int64, numpy=13680>",6.261183023452759
249,1554.4166666666667,386.6989219473058,4.181401866095979,"<tf.Variable 'global_step:0' shape=() dtype=int64, numpy=13680>",6.848955154418945
250,1014.3333333333334,189.99524736415313,9.226437289403464,"<tf.Variable 'global_step:0' shape=() dtype=int64, numpy=13680>",4.811974048614502
251,1012.9166666666666,188.86746958637536,8.771209623284072,"<tf.Variable 'global_step:0' shape=() dtype=int64, numpy=13680>",4.873422145843506
252,1018.0,188.44385847526428,8.652835391026484,"<tf.Variable 'global_step:0' shape=() dtype=int64, numpy=13680>",5.456067085266113
253,1014.1666666666666,190.85358069748648,9.303138606647233,"<tf.Variable 'global_step:0' shape=() dtype=int64, numpy=13680>",4.416734218597412
254,1011.1666666666666,189.89663625304198,9.165824616040293,"<tf.Variable 'global_step:0' shape=() dtype=int64, numpy=13680>",5.368834972381592
255,1004.0833333333334,190.11330291970867,9.196221423337354,"<tf.Variable 'global_step:0' shape=() dtype=int64, numpy=13680>",5.203196287155151
256,1007.25,189.82163625304202,9.063135281987575,"<tf.Variable 'global_step:0' shape=() dtype=int64, numpy=13680>",5.521915912628174
257,999.0,189.71608069748643,9.428319265181152,"<tf.Variable 'global_step:0' shape=() dtype=int64, numpy=13680>",3.868023157119751
258,996.1666666666666,190.77580291970867,9.864315240222139,"<tf.Variable 'global_step:0' shape=() dtype=int64, numpy=13680>",4.262848138809204
259,999.5,191.86746958637534,9.6968921315169,"<tf.Variable 'global_step:0' shape=() dtype=int64, numpy=13680>",5.553995847702026
260,558.1666666666666,62.833540273905214,3.6889148808605774,"<tf.Variable 'global_step:0' shape=() dtype=int64, numpy=13680>",5.7131218910217285
261,559.3333333333334,62.66687360723853,3.6205840993801446,"<tf.Variable 'global_step:0' shape=() dtype=int64, numpy=13680>",4.003222703933716
262,557.1666666666666,62.63115932152426,3.593687028659405,"<tf.Variable 'global_step:0' shape=() dtype=int64, numpy=13680>",4.284588813781738
263,561.3333333333334,62.635127575492525,3.6325338005752403,"<tf.Variable 'global_step:0' shape=() dtype=int64, numpy=13680>",3.9594509601593018
264,559.25,62.50682069718564,3.585655002012656,"<tf.Variable 'global_step:0' shape=() dtype=int64, numpy=13680>",4.202987194061279
265,559.8333333333334,62.616609056974,3.5735214057044487,"<tf.Variable 'global_step:0' shape=() dtype=int64, numpy=13680>",4.064663887023926
266,557.3333333333334,62.93539212575706,3.599946728095835,"<tf.Variable 'global_step:0' shape=() dtype=int64, numpy=13680>",4.322274923324585
267,558.4166666666666,63.02930746967241,3.646581788753883,"<tf.Variable 'global_step:0' shape=() dtype=int64, numpy=13680>",4.121200084686279
268,556.9166666666666,63.20655614692109,3.6329495517218997,"<tf.Variable 'global_step:0' shape=() dtype=int64, numpy=13680>",4.27423620223999
269,560.0,63.408937099302044,3.6706448841247252,"<tf.Variable 'global_step:0' shape=() dtype=int64, numpy=13680>",4.29140305519104
270,1399.8333333333333,290.53167611763234,9.358658908989469,"<tf.Variable 'global_step:0' shape=() dtype=int64, numpy=13680>",12.8282630443573
271,1426.6666666666667,305.5572137520409,10.38002141654576,"<tf.Variable 'global_step:0' shape=() dtype=int64, numpy=13680>",11.884002923965454
272,1443.75,318.0504933219334,11.274582278324962,"<tf.Variable 'global_step:0' shape=() dtype=int64, numpy=13680>",13.380206823348999
273,1402.5,335.2991492359119,12.272065280034129,"<tf.Variable 'global_step:0' shape=() dtype=int64, numpy=13680>",13.368048191070557
274,1392.0,333.4819449348366,12.032225105685336,"<tf.Variable 'global_step:0' shape=() dtype=int64, numpy=13680>",13.919554710388184
275,1392.3333333333333,340.2736116015033,12.41685167103236,"<tf.Variable 'global_step:0' shape=() dtype=int64, numpy=13680>",13.333369970321655
276,1396.0833333333333,335.87576213913775,12.1232880035016,"<tf.Variable 'global_step:0' shape=() dtype=int64, numpy=13680>",11.90385627746582
277,1396.5,352.05452557999797,13.030842421694956,"<tf.Variable 'global_step:0' shape=() dtype=int64, numpy=13680>",15.875967979431152
278,1391.6666666666667,340.21178364451407,12.517565207790051,"<tf.Variable 'global_step:0' shape=() dtype=int64, numpy=13680>",15.147844076156616
279,1388.0,338.11500945096566,12.291216323032783,"<tf.Variable 'global_step:0' shape=() dtype=int64, numpy=13680>",11.341230154037476
280,667.0,163.5573411980895,4.121059208262447,"<tf.Variable 'global_step:0' shape=() dtype=int64, numpy=13680>",8.756139039993286
281,668.0833333333334,164.8264853422336,4.30787994988293,"<tf.Variable 'global_step:0' shape=() dtype=int64, numpy=13680>",7.553853750228882
282,670.8333333333334,165.13166552241378,4.465418803125401,"<tf.Variable 'global_step:0' shape=() dtype=int64, numpy=13680>",7.982990980148315
283,670.5833333333334,163.47288173863,4.454162148931256,"<tf.Variable 'global_step:0' shape=() dtype=int64, numpy=13680>",8.539798021316528
284,670.3333333333334,165.4852691260174,4.6061385009174645,"<tf.Variable 'global_step:0' shape=() dtype=int64, numpy=13680>",7.855154991149902
285,667.5,165.83324209899038,4.492773776731262,"<tf.Variable 'global_step:0' shape=() dtype=int64, numpy=13680>",12.322204828262329
286,674.75,164.76342227917053,4.556017847531568,"<tf.Variable 'global_step:0' shape=() dtype=int64, numpy=13680>",7.434022903442383
287,672.1666666666666,166.11477363052188,4.653386341048953,"<tf.Variable 'global_step:0' shape=() dtype=int64, numpy=13680>",8.146454095840454
288,673.3333333333334,166.99878263953093,4.6249202070276585,"<tf.Variable 'global_step:0' shape=() dtype=int64, numpy=13680>",9.284218788146973
289,672.5833333333334,164.83999885574713,4.4518636689563875,"<tf.Variable 'global_step:0' shape=() dtype=int64, numpy=13680>",7.627098798751831
290,459.1666666666667,90.85711390880134,2.384388374082769,"<tf.Variable 'global_step:0' shape=() dtype=int64, numpy=13680>",3.703378915786743
291,456.25,90.93906983166634,2.4396297508654436,"<tf.Variable 'global_step:0' shape=() dtype=int64, numpy=13680>",3.6730098724365234
292,456.0833333333333,90.68356018979307,2.4011956906330294,"<tf.Variable 'global_step:0' shape=() dtype=int64, numpy=13680>",3.4533870220184326
293,461.0833333333333,90.65807809612916,2.393301590337304,"<tf.Variable 'global_step:0' shape=() dtype=int64, numpy=13680>",3.4905500411987305
294,459.0,90.08783016224486,2.3422447521070056,"<tf.Variable 'global_step:0' shape=() dtype=int64, numpy=13680>",3.274650812149048
295,457.5833333333333,90.43631501072973,2.4074109613900854,"<tf.Variable 'global_step:0' shape=() dtype=int64, numpy=13680>",3.194993019104004
296,458.25,90.39843622285093,2.3660395378232977,"<tf.Variable 'global_step:0' shape=() dtype=int64, numpy=13680>",2.997174024581909
297,457.0,90.28755468015122,2.3910504875288754,"<tf.Variable 'global_step:0' shape=() dtype=int64, numpy=13680>",3.4259629249572754
298,457.8333333333333,89.96386322009612,2.318404499796053,"<tf.Variable 'global_step:0' shape=() dtype=int64, numpy=13680>",3.3950729370117188
299,458.6666666666667,90.24347754516498,2.3860105346876863,"<tf.Variable 'global_step:0' shape=() dtype=int64, numpy=13680>",3.2636148929595947
