,RAS_MyBrain_avg_makespans,RAS_MyBrain_avg_completions,RAS_MyBrain_avg_slowdowns,RAS_MyBrain_global_step,RAS_MyBrain_tictoc
0,1787.9166666666667,92.11546806467668,1.5885803919581312,"<tf.Variable 'global_step:0' shape=() dtype=int64, numpy=14400>",7.554932117462158
1,1798.5,92.52143136742899,1.593461256170224,"<tf.Variable 'global_step:0' shape=() dtype=int64, numpy=14400>",9.284173965454102
2,1799.0833333333333,91.76072800351461,1.5861098905064352,"<tf.Variable 'global_step:0' shape=() dtype=int64, numpy=14400>",10.422974824905396
3,1796.9166666666667,91.23855674969197,1.5760477182967934,"<tf.Variable 'global_step:0' shape=() dtype=int64, numpy=14400>",15.00343108177185
4,1796.0,92.1047647007623,1.5895144674232886,"<tf.Variable 'global_step:0' shape=() dtype=int64, numpy=14400>",10.920717000961304
5,1790.8333333333333,91.30430598516597,1.5786704380323704,"<tf.Variable 'global_step:0' shape=() dtype=int64, numpy=14400>",11.306671857833862
6,1787.3333333333333,91.87693595458495,1.5789616800852617,"<tf.Variable 'global_step:0' shape=() dtype=int64, numpy=14400>",12.282513856887817
7,1792.0,92.08794512889686,1.5920128763216865,"<tf.Variable 'global_step:0' shape=() dtype=int64, numpy=14400>",9.260102033615112
8,1797.1666666666667,91.95950476192439,1.5850765835872223,"<tf.Variable 'global_step:0' shape=() dtype=int64, numpy=14400>",8.989126205444336
9,1797.9166666666667,92.13152311054824,1.5870061562702096,"<tf.Variable 'global_step:0' shape=() dtype=int64, numpy=14400>",8.321372985839844
10,267.0,63.69081090249296,1.6006932804966134,"<tf.Variable 'global_step:0' shape=() dtype=int64, numpy=14400>",3.486335039138794
11,267.0,63.65201779904468,1.5890444728337145,"<tf.Variable 'global_step:0' shape=() dtype=int64, numpy=14400>",2.7259669303894043
12,267.0,63.77127067260789,1.6161638866408146,"<tf.Variable 'global_step:0' shape=() dtype=int64, numpy=14400>",2.774848222732544
13,267.0,63.590236189849286,1.5840416444300958,"<tf.Variable 'global_step:0' shape=() dtype=int64, numpy=14400>",3.1034631729125977
14,267.0,63.70374193697572,1.6006405914506523,"<tf.Variable 'global_step:0' shape=() dtype=int64, numpy=14400>",2.787961959838867
15,267.0,63.70661550019412,1.6020405254467855,"<tf.Variable 'global_step:0' shape=() dtype=int64, numpy=14400>",2.919267177581787
16,267.0,63.657764925481466,1.597916045375616,"<tf.Variable 'global_step:0' shape=() dtype=int64, numpy=14400>",2.7583770751953125
17,267.0,63.77558101743548,1.6137555896979254,"<tf.Variable 'global_step:0' shape=() dtype=int64, numpy=14400>",3.195301055908203
18,267.0,63.680753431228574,1.6060140050584257,"<tf.Variable 'global_step:0' shape=() dtype=int64, numpy=14400>",2.7249557971954346
19,267.0,63.644833890998704,1.5914587749723446,"<tf.Variable 'global_step:0' shape=() dtype=int64, numpy=14400>",2.7258269786834717
20,611.25,95.56418724335528,4.473830825023902,"<tf.Variable 'global_step:0' shape=() dtype=int64, numpy=14400>",5.668853998184204
21,607.5833333333334,95.14196502113306,4.351712065221702,"<tf.Variable 'global_step:0' shape=() dtype=int64, numpy=14400>",5.416953086853027
22,615.5833333333334,95.61002057668863,4.536923985980235,"<tf.Variable 'global_step:0' shape=() dtype=int64, numpy=14400>",6.1653077602386475
23,612.5,95.11002057668861,4.408735200156769,"<tf.Variable 'global_step:0' shape=() dtype=int64, numpy=14400>",5.470049142837524
24,611.4166666666666,95.1655761322442,4.370667472619897,"<tf.Variable 'global_step:0' shape=() dtype=int64, numpy=14400>",5.671826124191284
25,610.1666666666666,95.71279835446641,4.359822380741677,"<tf.Variable 'global_step:0' shape=() dtype=int64, numpy=14400>",5.2057740688323975
26,609.0833333333334,95.33085391002196,4.322676650931282,"<tf.Variable 'global_step:0' shape=() dtype=int64, numpy=14400>",5.705728054046631
27,611.0833333333334,95.3141872433553,4.393847510790345,"<tf.Variable 'global_step:0' shape=() dtype=int64, numpy=14400>",10.295939207077026
28,610.9166666666666,95.47252057668862,4.3818846133568075,"<tf.Variable 'global_step:0' shape=() dtype=int64, numpy=14400>",5.682785987854004
29,610.9166666666666,95.29335391002195,4.436521152753376,"<tf.Variable 'global_step:0' shape=() dtype=int64, numpy=14400>",5.1166441440582275
30,975.8333333333334,261.1489901327342,6.427771387199738,"<tf.Variable 'global_step:0' shape=() dtype=int64, numpy=14400>",8.387590885162354
31,974.3333333333334,260.5944446781887,6.419398616888138,"<tf.Variable 'global_step:0' shape=() dtype=int64, numpy=14400>",8.842257022857666
32,974.8333333333334,262.52777801152206,6.509578175450097,"<tf.Variable 'global_step:0' shape=() dtype=int64, numpy=14400>",8.490394115447998
33,973.8333333333334,262.77777801152206,6.4863274662467205,"<tf.Variable 'global_step:0' shape=() dtype=int64, numpy=14400>",8.576605319976807
34,974.4166666666666,261.67626286000694,6.5800062494818095,"<tf.Variable 'global_step:0' shape=() dtype=int64, numpy=14400>",8.924391031265259
35,973.3333333333334,262.5732325569766,6.5629753729525575,"<tf.Variable 'global_step:0' shape=() dtype=int64, numpy=14400>",8.431391954421997
36,975.3333333333334,260.217171950916,6.367629778271836,"<tf.Variable 'global_step:0' shape=() dtype=int64, numpy=14400>",8.918094873428345
37,977.0,256.6156567994009,6.163268195428198,"<tf.Variable 'global_step:0' shape=() dtype=int64, numpy=14400>",8.539479970932007
38,975.6666666666666,255.20505073879482,6.08762972320545,"<tf.Variable 'global_step:0' shape=() dtype=int64, numpy=14400>",8.701210975646973
39,975.6666666666666,257.41717195091604,6.278917003971228,"<tf.Variable 'global_step:0' shape=() dtype=int64, numpy=14400>",8.532490968704224
40,308.0,76.05093969890272,4.0235690400908295,"<tf.Variable 'global_step:0' shape=() dtype=int64, numpy=14400>",6.927268743515015
41,305.0833333333333,75.85853773811841,4.008480055021415,"<tf.Variable 'global_step:0' shape=() dtype=int64, numpy=14400>",12.585609197616577
42,307.4166666666667,76.26907695380469,4.04386819528941,"<tf.Variable 'global_step:0' shape=() dtype=int64, numpy=14400>",6.984287977218628
43,308.0,75.6881946008635,3.981734080681095,"<tf.Variable 'global_step:0' shape=() dtype=int64, numpy=14400>",6.963817834854126
44,309.0,76.1881946008635,4.025067495608198,"<tf.Variable 'global_step:0' shape=() dtype=int64, numpy=14400>",7.038728952407837
45,307.1666666666667,76.04236126753018,4.024846322890681,"<tf.Variable 'global_step:0' shape=() dtype=int64, numpy=14400>",7.501017808914185
46,308.0833333333333,76.14285146360861,4.048634267927869,"<tf.Variable 'global_step:0' shape=() dtype=int64, numpy=14400>",6.968050003051758
47,307.8333333333333,76.47986126753018,4.063771283685117,"<tf.Variable 'global_step:0' shape=() dtype=int64, numpy=14400>",7.474835157394409
48,306.0,76.11956714988312,4.039777614434996,"<tf.Variable 'global_step:0' shape=() dtype=int64, numpy=14400>",7.3608880043029785
49,309.5,76.15633185576547,4.048118706120066,"<tf.Variable 'global_step:0' shape=() dtype=int64, numpy=14400>",9.290699005126953
50,891.5,85.45921509888535,2.0023699806202493,"<tf.Variable 'global_step:0' shape=() dtype=int64, numpy=14400>",7.123335838317871
51,893.4166666666666,86.31950921653242,2.0033773811624522,"<tf.Variable 'global_step:0' shape=() dtype=int64, numpy=14400>",7.011733055114746
52,893.0833333333334,84.88200921653242,1.9782995190286108,"<tf.Variable 'global_step:0' shape=() dtype=int64, numpy=14400>",8.18206000328064
53,894.1666666666666,86.0756366675128,2.0043721757162767,"<tf.Variable 'global_step:0' shape=() dtype=int64, numpy=14400>",10.344636917114258
54,895.8333333333334,85.85749941261084,2.0048909231016605,"<tf.Variable 'global_step:0' shape=() dtype=int64, numpy=14400>",8.612835168838501
55,895.5,85.68470529496379,1.9931202877689786,"<tf.Variable 'global_step:0' shape=() dtype=int64, numpy=14400>",6.707543134689331
56,896.3333333333334,86.52048960868927,2.0231212180397615,"<tf.Variable 'global_step:0' shape=() dtype=int64, numpy=14400>",7.084309101104736
57,895.0833333333334,86.07073470672852,2.0009851125030518,"<tf.Variable 'global_step:0' shape=() dtype=int64, numpy=14400>",6.838714122772217
58,898.3333333333334,85.58298960868929,1.988253885540006,"<tf.Variable 'global_step:0' shape=() dtype=int64, numpy=14400>",6.728962182998657
59,897.5,86.39181313810106,2.0093794412769275,"<tf.Variable 'global_step:0' shape=() dtype=int64, numpy=14400>",7.080157995223999
60,111.58333333333333,24.466565602132594,1.8078094345185283,"<tf.Variable 'global_step:0' shape=() dtype=int64, numpy=14400>",2.244734048843384
61,109.58333333333333,24.48862442566201,1.7859688172816062,"<tf.Variable 'global_step:0' shape=() dtype=int64, numpy=14400>",4.049590826034546
62,113.83333333333333,24.294996974681613,1.713964310085375,"<tf.Variable 'global_step:0' shape=() dtype=int64, numpy=14400>",2.2296078205108643
63,112.5,24.710438151152207,1.8347539685301921,"<tf.Variable 'global_step:0' shape=() dtype=int64, numpy=14400>",2.199713945388794
64,112.66666666666667,24.688379327622798,1.8541035354842073,"<tf.Variable 'global_step:0' shape=() dtype=int64, numpy=14400>",2.257582187652588
65,108.66666666666667,24.64548717076005,1.8514188908027578,"<tf.Variable 'global_step:0' shape=() dtype=int64, numpy=14400>",2.169656753540039
66,110.0,24.48249697468162,1.8161846274186715,"<tf.Variable 'global_step:0' shape=() dtype=int64, numpy=14400>",2.173492908477783
67,110.91666666666667,24.44695775899534,1.7846646084127746,"<tf.Variable 'global_step:0' shape=() dtype=int64, numpy=14400>",2.235956907272339
68,110.0,24.526614621740446,1.8087456850722383,"<tf.Variable 'global_step:0' shape=() dtype=int64, numpy=14400>",2.1731770038604736
69,109.41666666666667,24.68592834723064,1.827191609411181,"<tf.Variable 'global_step:0' shape=() dtype=int64, numpy=14400>",2.3025381565093994
70,559.0833333333334,84.01420902618874,4.600775520194076,"<tf.Variable 'global_step:0' shape=() dtype=int64, numpy=14400>",11.01918888092041
71,557.0,84.18215774413746,4.665764608968668,"<tf.Variable 'global_step:0' shape=() dtype=int64, numpy=14400>",11.146929025650024
72,558.9166666666666,83.68343979541952,4.539911220353657,"<tf.Variable 'global_step:0' shape=() dtype=int64, numpy=14400>",11.387712001800537
73,559.3333333333334,83.77446543644514,4.585910076384489,"<tf.Variable 'global_step:0' shape=() dtype=int64, numpy=14400>",11.80150294303894
74,555.8333333333334,83.87959364157335,4.532437531279219,"<tf.Variable 'global_step:0' shape=() dtype=int64, numpy=14400>",11.287691831588745
75,556.5,84.67061928259899,4.585919709067252,"<tf.Variable 'global_step:0' shape=() dtype=int64, numpy=14400>",11.883790254592896
76,557.5833333333334,85.27959364157336,4.602990690796464,"<tf.Variable 'global_step:0' shape=() dtype=int64, numpy=14400>",11.686096906661987
77,555.8333333333334,85.14626030824003,4.575107280151816,"<tf.Variable 'global_step:0' shape=() dtype=int64, numpy=14400>",11.73892617225647
78,557.4166666666666,85.48985005182976,4.414223537998565,"<tf.Variable 'global_step:0' shape=() dtype=int64, numpy=14400>",11.919134140014648
79,558.0833333333334,85.15779876977847,4.401461767134536,"<tf.Variable 'global_step:0' shape=() dtype=int64, numpy=14400>",11.97617220878601
80,1792.5,176.4207690550999,9.20022246387822,"<tf.Variable 'global_step:0' shape=() dtype=int64, numpy=14400>",19.86603808403015
81,1792.5833333333333,176.50848835334548,9.25552015208143,"<tf.Variable 'global_step:0' shape=() dtype=int64, numpy=14400>",13.542733192443848
82,1792.8333333333333,177.1023480024683,9.337613327385084,"<tf.Variable 'global_step:0' shape=() dtype=int64, numpy=14400>",12.97479796409607
83,1795.3333333333333,176.01287431825781,9.356548042914689,"<tf.Variable 'global_step:0' shape=() dtype=int64, numpy=14400>",13.445286750793457
84,1792.75,175.46813747615252,9.081037922060597,"<tf.Variable 'global_step:0' shape=() dtype=int64, numpy=14400>",13.467816829681396
85,1791.0,175.23480414281923,9.1265268887993,"<tf.Variable 'global_step:0' shape=() dtype=int64, numpy=14400>",13.136418104171753
86,1792.4166666666667,175.55322519545075,9.142968568482466,"<tf.Variable 'global_step:0' shape=() dtype=int64, numpy=14400>",13.496840000152588
87,1793.4166666666667,175.04971642352095,9.085091902085567,"<tf.Variable 'global_step:0' shape=() dtype=int64, numpy=14400>",13.579047918319702
88,1790.4166666666667,174.57515502001215,8.894192846591343,"<tf.Variable 'global_step:0' shape=() dtype=int64, numpy=14400>",12.980248212814331
89,1793.25,175.8005936165034,9.075914141147793,"<tf.Variable 'global_step:0' shape=() dtype=int64, numpy=14400>",13.546669721603394
90,1133.75,108.5072598653341,2.157670319334105,"<tf.Variable 'global_step:0' shape=() dtype=int64, numpy=14400>",9.891660928726196
91,1135.6666666666667,108.75568753829005,2.1359348015782444,"<tf.Variable 'global_step:0' shape=() dtype=int64, numpy=14400>",10.54097604751587
92,1132.5,108.49468124898186,2.138411092477288,"<tf.Variable 'global_step:0' shape=() dtype=int64, numpy=14400>",10.36520504951477
93,1132.1666666666667,108.62361206659195,2.1581982546182807,"<tf.Variable 'global_step:0' shape=() dtype=int64, numpy=14400>",9.962031841278076
94,1136.25,108.8075743307429,2.1605241742353334,"<tf.Variable 'global_step:0' shape=() dtype=int64, numpy=14400>",10.182070016860962
95,1131.6666666666667,108.66134791564856,2.121904418263839,"<tf.Variable 'global_step:0' shape=() dtype=int64, numpy=14400>",10.085405826568604
96,1137.75,109.11103345023973,2.128358161418564,"<tf.Variable 'global_step:0' shape=() dtype=int64, numpy=14400>",14.607903003692627
97,1127.0,108.7022284187932,2.1516396928730392,"<tf.Variable 'global_step:0' shape=() dtype=int64, numpy=14400>",11.030344247817993
98,1125.4166666666667,108.72738565149761,2.154555336397839,"<tf.Variable 'global_step:0' shape=() dtype=int64, numpy=14400>",11.09665822982788
99,1134.4166666666667,108.815435965963,2.1650467587775406,"<tf.Variable 'global_step:0' shape=() dtype=int64, numpy=14400>",10.435364723205566
100,591.0833333333334,155.9502919176754,12.721721781130633,"<tf.Variable 'global_step:0' shape=() dtype=int64, numpy=14400>",6.876779079437256
101,591.5,155.68838715577064,12.457784484993502,"<tf.Variable 'global_step:0' shape=() dtype=int64, numpy=14400>",7.2012619972229
102,591.3333333333334,156.37588715577067,12.749229283078522,"<tf.Variable 'global_step:0' shape=() dtype=int64, numpy=14400>",9.610369205474854
103,590.3333333333334,155.24493477481826,12.450296488352919,"<tf.Variable 'global_step:0' shape=() dtype=int64, numpy=14400>",11.437933921813965
104,590.1666666666666,154.6824347748183,12.243150806107343,"<tf.Variable 'global_step:0' shape=() dtype=int64, numpy=14400>",6.469114780426025
105,591.3333333333334,157.61398239386588,13.144896664866543,"<tf.Variable 'global_step:0' shape=() dtype=int64, numpy=14400>",7.161700010299683
106,591.75,156.02023239386588,12.606634365225807,"<tf.Variable 'global_step:0' shape=() dtype=int64, numpy=14400>",6.64926290512085
107,592.6666666666666,156.37886334624685,12.976695099234453,"<tf.Variable 'global_step:0' shape=() dtype=int64, numpy=14400>",7.25356388092041
108,591.0,155.8371966795802,12.590083960496061,"<tf.Variable 'global_step:0' shape=() dtype=int64, numpy=14400>",6.631726980209351
109,591.0,154.96666096529447,12.364058398095702,"<tf.Variable 'global_step:0' shape=() dtype=int64, numpy=14400>",6.6046600341796875
110,467.75,119.5699633463811,6.701222461030976,"<tf.Variable 'global_step:0' shape=() dtype=int64, numpy=14400>",8.018758773803711
111,468.0833333333333,120.19950130017646,6.768650341565258,"<tf.Variable 'global_step:0' shape=() dtype=int64, numpy=14400>",8.103074073791504
112,468.5,119.26138248829527,6.413465930874186,"<tf.Variable 'global_step:0' shape=() dtype=int64, numpy=14400>",8.030761003494263
113,468.4166666666667,120.93464981502795,6.8799388715328975,"<tf.Variable 'global_step:0' shape=() dtype=int64, numpy=14400>",8.217514038085938
114,469.3333333333333,122.86121747179362,6.930540717959416,"<tf.Variable 'global_step:0' shape=() dtype=int64, numpy=14400>",8.58761191368103
115,468.25,120.57738908895533,6.803920710853905,"<tf.Variable 'global_step:0' shape=() dtype=int64, numpy=14400>",8.708738803863525
116,470.6666666666667,121.75560691073753,7.116697887108874,"<tf.Variable 'global_step:0' shape=() dtype=int64, numpy=14400>",7.994243144989014
117,469.5,121.734154765523,6.770086686336111,"<tf.Variable 'global_step:0' shape=() dtype=int64, numpy=14400>",8.285150289535522
118,469.3333333333333,122.54108545859232,6.900902571301137,"<tf.Variable 'global_step:0' shape=() dtype=int64, numpy=14400>",8.968969821929932
119,469.5833333333333,120.42969931997847,6.735109467014261,"<tf.Variable 'global_step:0' shape=() dtype=int64, numpy=14400>",8.170844078063965
120,999.9166666666666,149.60682457514739,8.725639333139979,"<tf.Variable 'global_step:0' shape=() dtype=int64, numpy=14400>",11.502229928970337
121,1001.9166666666666,149.37071346403624,8.677460099345089,"<tf.Variable 'global_step:0' shape=() dtype=int64, numpy=14400>",9.499058961868286
122,994.5,151.72007243839522,9.04936768606968,"<tf.Variable 'global_step:0' shape=() dtype=int64, numpy=14400>",9.823688983917236
123,1000.4166666666666,152.47755107087386,9.017484938077912,"<tf.Variable 'global_step:0' shape=() dtype=int64, numpy=14400>",9.445888757705688
124,997.8333333333334,154.45297842130122,9.37041157017532,"<tf.Variable 'global_step:0' shape=() dtype=int64, numpy=14400>",10.20806097984314
125,995.5833333333334,154.7125938059166,9.315086972379364,"<tf.Variable 'global_step:0' shape=() dtype=int64, numpy=14400>",9.135350704193115
126,994.0833333333334,154.5341750024978,9.326279355767964,"<tf.Variable 'global_step:0' shape=() dtype=int64, numpy=14400>",9.361616849899292
127,995.1666666666666,152.9262690195918,9.184373844268288,"<tf.Variable 'global_step:0' shape=() dtype=int64, numpy=14400>",9.634982347488403
128,994.5833333333334,154.08438867771147,9.180180758165404,"<tf.Variable 'global_step:0' shape=() dtype=int64, numpy=14400>",9.797574996948242
129,998.8333333333334,153.99250833583113,9.36330969383261,"<tf.Variable 'global_step:0' shape=() dtype=int64, numpy=14400>",9.97647213935852
130,417.9166666666667,101.01340293310146,3.9345389610357846,"<tf.Variable 'global_step:0' shape=() dtype=int64, numpy=14400>",5.067913055419922
131,417.6666666666667,99.37542479102495,3.8341307299247513,"<tf.Variable 'global_step:0' shape=() dtype=int64, numpy=14400>",4.731695890426636
132,417.75,100.11039746862059,3.824773277426202,"<tf.Variable 'global_step:0' shape=() dtype=int64, numpy=14400>",4.87418007850647
133,416.9166666666667,100.6431843538665,3.8915994826353457,"<tf.Variable 'global_step:0' shape=() dtype=int64, numpy=14400>",5.29554295539856
134,417.6666666666667,100.70056140304682,3.890460116532609,"<tf.Variable 'global_step:0' shape=() dtype=int64, numpy=14400>",4.83830189704895
135,417.25,100.18280184020529,3.9613445089798756,"<tf.Variable 'global_step:0' shape=() dtype=int64, numpy=14400>",4.686420917510986
136,418.0833333333333,100.24564337025994,3.8815633170946184,"<tf.Variable 'global_step:0' shape=() dtype=int64, numpy=14400>",4.883150100708008
137,416.8333333333333,101.36996031015065,3.992332442593384,"<tf.Variable 'global_step:0' shape=() dtype=int64, numpy=14400>",5.681517124176025
138,417.9166666666667,100.4573920041397,3.8829696533259845,"<tf.Variable 'global_step:0' shape=() dtype=int64, numpy=14400>",4.9053051471710205
139,417.9166666666667,100.72651768719983,3.930390123617466,"<tf.Variable 'global_step:0' shape=() dtype=int64, numpy=14400>",6.955751895904541
140,470.1666666666667,109.99748169697757,2.8366812546355615,"<tf.Variable 'global_step:0' shape=() dtype=int64, numpy=14400>",4.455854177474976
141,467.3333333333333,109.24317135214999,2.795261619859001,"<tf.Variable 'global_step:0' shape=() dtype=int64, numpy=14400>",4.031730890274048
142,467.0,109.24604491536839,2.826422825155312,"<tf.Variable 'global_step:0' shape=() dtype=int64, numpy=14400>",3.936850070953369
143,470.0833333333333,109.97449319123045,2.8261769735932547,"<tf.Variable 'global_step:0' shape=() dtype=int64, numpy=14400>",4.576826095581055
144,467.6666666666667,109.75179204180516,2.835447057595466,"<tf.Variable 'global_step:0' shape=() dtype=int64, numpy=14400>",4.641301155090332
145,471.25,109.4586885935293,2.804403075030812,"<tf.Variable 'global_step:0' shape=() dtype=int64, numpy=14400>",3.960603952407837
146,469.75,108.73311388088563,2.8182351166403006,"<tf.Variable 'global_step:0' shape=() dtype=int64, numpy=14400>",3.7857329845428467
147,470.4166666666667,109.72305640962124,2.8187240725480103,"<tf.Variable 'global_step:0' shape=() dtype=int64, numpy=14400>",4.854114055633545
148,466.5833333333333,109.88253916824193,2.8060493830376987,"<tf.Variable 'global_step:0' shape=() dtype=int64, numpy=14400>",4.06909704208374
149,466.9166666666667,109.92133227169022,2.8129998575360085,"<tf.Variable 'global_step:0' shape=() dtype=int64, numpy=14400>",4.498132944107056
150,1689.4166666666667,265.3372522461693,3.4748552340095054,"<tf.Variable 'global_step:0' shape=() dtype=int64, numpy=14400>",10.20070505142212
151,1697.3333333333333,265.1001388441074,3.48470235814318,"<tf.Variable 'global_step:0' shape=() dtype=int64, numpy=14400>",7.137341022491455
152,1694.5833333333333,265.8020288784716,3.485442834281974,"<tf.Variable 'global_step:0' shape=() dtype=int64, numpy=14400>",6.247400999069214
153,1687.8333333333333,266.12848935957135,3.5136419533691927,"<tf.Variable 'global_step:0' shape=() dtype=int64, numpy=14400>",7.120769023895264
154,1702.8333333333333,264.8046061980593,3.4638822627173016,"<tf.Variable 'global_step:0' shape=() dtype=int64, numpy=14400>",7.908746004104614
155,1691.4166666666667,266.1319257856881,3.492182524413971,"<tf.Variable 'global_step:0' shape=() dtype=int64, numpy=14400>",6.371578931808472
156,1690.3333333333333,266.57264743517266,3.5130976541444183,"<tf.Variable 'global_step:0' shape=() dtype=int64, numpy=14400>",7.012747049331665
157,1705.3333333333333,266.9231628990902,3.518440855700021,"<tf.Variable 'global_step:0' shape=() dtype=int64, numpy=14400>",6.467111825942993
158,1703.75,268.0863931396401,3.548166862101572,"<tf.Variable 'global_step:0' shape=() dtype=int64, numpy=14400>",6.9229161739349365
159,1690.8333333333333,266.9076989815644,3.4922671349255094,"<tf.Variable 'global_step:0' shape=() dtype=int64, numpy=14400>",6.936764240264893
160,580.9166666666666,80.7417934611428,4.225933862897271,"<tf.Variable 'global_step:0' shape=() dtype=int64, numpy=14400>",2.4051871299743652
161,582.0,81.8849558543052,4.424336276580239,"<tf.Variable 'global_step:0' shape=() dtype=int64, numpy=14400>",2.1490838527679443
162,581.0833333333334,81.66487038421972,4.485480812141213,"<tf.Variable 'global_step:0' shape=() dtype=int64, numpy=14400>",2.120661973953247
163,580.5,80.83367380302315,4.226270790691966,"<tf.Variable 'global_step:0' shape=() dtype=int64, numpy=14400>",2.1157870292663574
164,580.6666666666666,81.41487038421972,4.369287197954228,"<tf.Variable 'global_step:0' shape=() dtype=int64, numpy=14400>",2.1270501613616943
165,580.8333333333334,80.82085329020263,4.2806676216399016,"<tf.Variable 'global_step:0' shape=() dtype=int64, numpy=14400>",2.0177581310272217
166,581.6666666666666,80.25675072610005,4.273510908975801,"<tf.Variable 'global_step:0' shape=() dtype=int64, numpy=14400>",2.348381996154785
167,580.3333333333334,82.11572508507443,4.511287700086555,"<tf.Variable 'global_step:0' shape=() dtype=int64, numpy=14400>",2.3906619548797607
168,581.5,82.00675072610007,4.505608173049901,"<tf.Variable 'global_step:0' shape=() dtype=int64, numpy=14400>",2.370267152786255
169,580.75,79.91487038421972,4.182680198326314,"<tf.Variable 'global_step:0' shape=() dtype=int64, numpy=14400>",3.051753044128418
170,967.5,81.8863866580812,3.4247233033103512,"<tf.Variable 'global_step:0' shape=() dtype=int64, numpy=14400>",6.624891042709351
171,960.0,82.42484819654273,3.4452517620361447,"<tf.Variable 'global_step:0' shape=() dtype=int64, numpy=14400>",7.573177814483643
172,962.1666666666666,81.82548922218375,3.4155548285680783,"<tf.Variable 'global_step:0' shape=() dtype=int64, numpy=14400>",6.7157580852508545
173,966.5833333333334,82.19407896577349,3.4332824945918285,"<tf.Variable 'global_step:0' shape=() dtype=int64, numpy=14400>",9.23032808303833
174,962.5,82.28702768372221,3.4398270178098027,"<tf.Variable 'global_step:0' shape=() dtype=int64, numpy=14400>",6.850602865219116
175,958.8333333333334,83.45369435038889,3.489800565916046,"<tf.Variable 'global_step:0' shape=() dtype=int64, numpy=14400>",7.560585260391235
176,962.75,84.60754050423502,3.538769125713211,"<tf.Variable 'global_step:0' shape=() dtype=int64, numpy=14400>",10.526140928268433
177,964.0833333333334,84.62463452132904,3.580313721092756,"<tf.Variable 'global_step:0' shape=() dtype=int64, numpy=14400>",6.813138961791992
178,955.8333333333334,83.87036101705554,3.508606413356714,"<tf.Variable 'global_step:0' shape=() dtype=int64, numpy=14400>",6.906069993972778
179,958.8333333333334,83.58510460679913,3.5092020567184146,"<tf.Variable 'global_step:0' shape=() dtype=int64, numpy=14400>",10.106435060501099
180,1010.1666666666666,425.5123117506658,16.849847331831707,"<tf.Variable 'global_step:0' shape=() dtype=int64, numpy=14400>",15.456337213516235
181,1013.4166666666666,424.89227206812615,16.757980683311228,"<tf.Variable 'global_step:0' shape=() dtype=int64, numpy=14400>",13.133759021759033
182,1014.3333333333334,423.1214387347928,16.66699703053899,"<tf.Variable 'global_step:0' shape=() dtype=int64, numpy=14400>",14.450973749160767
183,1012.0833333333334,430.26131968717374,16.860980473962304,"<tf.Variable 'global_step:0' shape=() dtype=int64, numpy=14400>",12.275721788406372
184,1012.9166666666666,426.998422861777,16.85835704971719,"<tf.Variable 'global_step:0' shape=() dtype=int64, numpy=14400>",11.690401077270508
185,1015.25,420.4220339728881,16.550078846784704,"<tf.Variable 'global_step:0' shape=() dtype=int64, numpy=14400>",11.60085415840149
186,1010.5833333333334,421.7474307982848,16.559417945653824,"<tf.Variable 'global_step:0' shape=() dtype=int64, numpy=14400>",12.019919872283936
187,1020.1666666666666,429.68889905225313,16.800133751816062,"<tf.Variable 'global_step:0' shape=() dtype=int64, numpy=14400>",15.353410005569458
188,1012.8333333333334,426.45774825860235,16.699538647990654,"<tf.Variable 'global_step:0' shape=() dtype=int64, numpy=14400>",15.98698902130127
189,1013.5,424.2117165125705,16.65773446944918,"<tf.Variable 'global_step:0' shape=() dtype=int64, numpy=14400>",11.673314094543457
190,770.4166666666666,117.96284773436484,3.350508294143262,"<tf.Variable 'global_step:0' shape=() dtype=int64, numpy=14400>",7.130245923995972
191,769.0,117.87805879695584,3.324604907194148,"<tf.Variable 'global_step:0' shape=() dtype=int64, numpy=14400>",6.966523170471191
192,769.6666666666666,118.45629751602424,3.387398001538356,"<tf.Variable 'global_step:0' shape=() dtype=int64, numpy=14400>",6.9522881507873535
193,766.9166666666666,118.2485100342193,3.3897736518540795,"<tf.Variable 'global_step:0' shape=() dtype=int64, numpy=14400>",6.848461151123047
194,769.8333333333334,117.90171236318582,3.3438475955832483,"<tf.Variable 'global_step:0' shape=() dtype=int64, numpy=14400>",9.493951797485352
195,766.3333333333334,118.13861192650457,3.3667078951011793,"<tf.Variable 'global_step:0' shape=() dtype=int64, numpy=14400>",7.480263948440552
196,769.5,118.17318252330227,3.389587658977957,"<tf.Variable 'global_step:0' shape=() dtype=int64, numpy=14400>",12.217849969863892
197,768.3333333333334,118.35149402257444,3.4023309270341238,"<tf.Variable 'global_step:0' shape=() dtype=int64, numpy=14400>",7.017776250839233
198,767.5833333333334,118.28999475037652,3.4163499803946613,"<tf.Variable 'global_step:0' shape=() dtype=int64, numpy=14400>",6.935324192047119
199,770.0,119.06328441558755,3.491731664882542,"<tf.Variable 'global_step:0' shape=() dtype=int64, numpy=14400>",8.363844871520996
200,719.25,186.2945493170049,8.875530466127305,"<tf.Variable 'global_step:0' shape=() dtype=int64, numpy=14400>",8.838263750076294
201,711.5,186.71890829136393,8.830551106956502,"<tf.Variable 'global_step:0' shape=() dtype=int64, numpy=14400>",8.474408149719238
202,713.5833333333334,185.60608777854338,8.875858882175585,"<tf.Variable 'global_step:0' shape=() dtype=int64, numpy=14400>",8.408867120742798
203,711.8333333333334,185.46506213751775,8.866117800849372,"<tf.Variable 'global_step:0' shape=() dtype=int64, numpy=14400>",8.687097072601318
204,711.5,185.0612159836716,8.871995927308499,"<tf.Variable 'global_step:0' shape=() dtype=int64, numpy=14400>",8.16808032989502
205,706.3333333333334,185.4445493170049,8.815194973994043,"<tf.Variable 'global_step:0' shape=() dtype=int64, numpy=14400>",8.330056190490723
206,719.25,185.5945493170049,8.80659413242776,"<tf.Variable 'global_step:0' shape=() dtype=int64, numpy=14400>",8.088200807571411
207,712.4166666666666,186.6099339323895,8.969283396422163,"<tf.Variable 'global_step:0' shape=() dtype=int64, numpy=14400>",8.416843175888062
208,718.25,186.41249803495364,8.940602919526608,"<tf.Variable 'global_step:0' shape=() dtype=int64, numpy=14400>",9.04119610786438
209,716.25,186.06762624008184,8.919048174846258,"<tf.Variable 'global_step:0' shape=() dtype=int64, numpy=14400>",9.071475982666016
210,636.1666666666666,105.44537389453211,1.8027356665813332,"<tf.Variable 'global_step:0' shape=() dtype=int64, numpy=14400>",7.587564945220947
211,632.5833333333334,106.40628834880938,1.821402727449045,"<tf.Variable 'global_step:0' shape=() dtype=int64, numpy=14400>",7.4120941162109375
212,633.4166666666666,105.5751674048566,1.8086501543545905,"<tf.Variable 'global_step:0' shape=() dtype=int64, numpy=14400>",7.532346248626709
213,635.3333333333334,108.14375147565305,1.8482459116163865,"<tf.Variable 'global_step:0' shape=() dtype=int64, numpy=14400>",7.484583139419556
214,633.4166666666666,106.04198156414863,1.8168231532730263,"<tf.Variable 'global_step:0' shape=() dtype=int64, numpy=14400>",7.6305952072143555
215,636.0,106.82811725736396,1.8276278491906546,"<tf.Variable 'global_step:0' shape=() dtype=int64, numpy=14400>",7.475092887878418
216,637.5833333333334,106.41366298007783,1.8190667159539025,"<tf.Variable 'global_step:0' shape=() dtype=int64, numpy=14400>",7.663420915603638
217,635.5,106.89817625441408,1.8342544476257665,"<tf.Variable 'global_step:0' shape=() dtype=int64, numpy=14400>",8.359770059585571
218,633.6666666666666,107.90407595942884,1.856086236523214,"<tf.Variable 'global_step:0' shape=() dtype=int64, numpy=14400>",8.405963659286499
219,631.6666666666666,107.00510840780645,1.8485406450131274,"<tf.Variable 'global_step:0' shape=() dtype=int64, numpy=14400>",8.483098030090332
220,1385.1666666666667,185.68051938856777,5.166344115887116,"<tf.Variable 'global_step:0' shape=() dtype=int64, numpy=14400>",7.313508987426758
221,1380.1666666666667,185.37017456098158,5.179690706799607,"<tf.Variable 'global_step:0' shape=() dtype=int64, numpy=14400>",7.547389984130859
222,1369.25,182.82419754948737,5.019465003112515,"<tf.Variable 'global_step:0' shape=() dtype=int64, numpy=14400>",8.068169116973877
223,1366.5,183.68051938856777,5.139989948940422,"<tf.Variable 'global_step:0' shape=() dtype=int64, numpy=14400>",7.234949111938477
224,1379.8333333333333,186.3471860552344,5.334639604409083,"<tf.Variable 'global_step:0' shape=() dtype=int64, numpy=14400>",7.400394916534424
225,1364.6666666666667,184.86299065293557,5.267385322243542,"<tf.Variable 'global_step:0' shape=() dtype=int64, numpy=14400>",7.443170070648193
226,1382.9166666666667,186.57707111270568,5.361092508612657,"<tf.Variable 'global_step:0' shape=() dtype=int64, numpy=14400>",7.870074987411499
227,1377.4166666666667,183.87735846902754,5.187387061156321,"<tf.Variable 'global_step:0' shape=() dtype=int64, numpy=14400>",7.26294207572937
228,1375.0833333333333,183.74948490580917,5.058119336615477,"<tf.Variable 'global_step:0' shape=() dtype=int64, numpy=14400>",8.159720182418823
229,1391.5,187.4003469747747,5.359476794273571,"<tf.Variable 'global_step:0' shape=() dtype=int64, numpy=14400>",7.471151828765869
230,388.5833333333333,98.11892468417398,8.29567034295,"<tf.Variable 'global_step:0' shape=() dtype=int64, numpy=14400>",10.54636001586914
231,390.3333333333333,98.17051198576127,8.299055643193142,"<tf.Variable 'global_step:0' shape=() dtype=int64, numpy=14400>",14.551557302474976
232,389.5,97.91654373179301,8.216049872657251,"<tf.Variable 'global_step:0' shape=() dtype=int64, numpy=14400>",11.367051124572754
233,388.4166666666667,97.93638500163429,8.290341331784823,"<tf.Variable 'global_step:0' shape=() dtype=int64, numpy=14400>",10.769012928009033
234,389.6666666666667,98.33618658893586,8.452085690385168,"<tf.Variable 'global_step:0' shape=() dtype=int64, numpy=14400>",10.621814012527466
235,389.75,98.99293262068191,8.661697443052295,"<tf.Variable 'global_step:0' shape=() dtype=int64, numpy=14400>",11.034265756607056
236,389.0833333333333,98.70920246195175,8.621517326919916,"<tf.Variable 'global_step:0' shape=() dtype=int64, numpy=14400>",11.651360034942627
237,389.6666666666667,99.19035325560253,8.73608105633138,"<tf.Variable 'global_step:0' shape=() dtype=int64, numpy=14400>",10.821394920349121
238,390.0833333333333,99.0226945254438,8.636547814825452,"<tf.Variable 'global_step:0' shape=() dtype=int64, numpy=14400>",11.077884912490845
239,388.9166666666667,99.15959928734857,8.756763590209959,"<tf.Variable 'global_step:0' shape=() dtype=int64, numpy=14400>",11.582495927810669
240,285.1666666666667,61.307766538631995,5.001366681315258,"<tf.Variable 'global_step:0' shape=() dtype=int64, numpy=14400>",5.103429794311523
241,285.1666666666667,62.243530427520874,4.986659890887697,"<tf.Variable 'global_step:0' shape=() dtype=int64, numpy=14400>",4.9762282371521
242,285.1666666666667,61.681030427520874,4.92678929138881,"<tf.Variable 'global_step:0' shape=() dtype=int64, numpy=14400>",5.040909767150879
243,285.3333333333333,61.648044316409774,5.006633028123658,"<tf.Variable 'global_step:0' shape=() dtype=int64, numpy=14400>",4.8744659423828125
244,285.3333333333333,61.441447094187545,4.931013943228003,"<tf.Variable 'global_step:0' shape=() dtype=int64, numpy=14400>",5.165312051773071
245,285.1666666666667,61.681030427520874,5.010226535548175,"<tf.Variable 'global_step:0' shape=() dtype=int64, numpy=14400>",5.749850034713745
246,285.0833333333333,62.253947094187545,4.9804235465707425,"<tf.Variable 'global_step:0' shape=() dtype=int64, numpy=14400>",8.736655950546265
247,285.3333333333333,62.238322094187545,5.0832839573610595,"<tf.Variable 'global_step:0' shape=() dtype=int64, numpy=14400>",5.9153077602386475
248,285.3333333333333,62.410197094187545,5.152968517698073,"<tf.Variable 'global_step:0' shape=() dtype=int64, numpy=14400>",5.114853143692017
249,285.3333333333333,61.33554431640977,4.98032458576013,"<tf.Variable 'global_step:0' shape=() dtype=int64, numpy=14400>",4.989668846130371
250,1149.8333333333333,245.60909950015628,13.129264756367363,"<tf.Variable 'global_step:0' shape=() dtype=int64, numpy=14400>",7.403911828994751
251,1144.3333333333333,247.3729883890451,13.2274389506952,"<tf.Variable 'global_step:0' shape=() dtype=int64, numpy=14400>",6.450041055679321
252,1147.3333333333333,245.9667383890451,13.021825925193573,"<tf.Variable 'global_step:0' shape=() dtype=int64, numpy=14400>",6.581156015396118
253,1140.5833333333333,245.43028005571182,12.773761397403597,"<tf.Variable 'global_step:0' shape=() dtype=int64, numpy=14400>",6.560290813446045
254,1142.5,254.00146061126733,13.614671032752108,"<tf.Variable 'global_step:0' shape=() dtype=int64, numpy=14400>",6.335067987442017
255,1146.4166666666667,249.2254189446007,13.301727301806642,"<tf.Variable 'global_step:0' shape=() dtype=int64, numpy=14400>",6.648504734039307
256,1144.0,251.74278005571182,13.3408364371576,"<tf.Variable 'global_step:0' shape=() dtype=int64, numpy=14400>",6.590896129608154
257,1149.0,253.18375227793402,13.754631003320256,"<tf.Variable 'global_step:0' shape=() dtype=int64, numpy=14400>",6.636861085891724
258,1145.75,249.12125227793402,13.0914005560498,"<tf.Variable 'global_step:0' shape=() dtype=int64, numpy=14400>",6.658846139907837
259,1154.9166666666667,248.3104883890451,13.263831720284157,"<tf.Variable 'global_step:0' shape=() dtype=int64, numpy=14400>",6.647521018981934
260,643.0,79.07813347899142,1.5938803056139526,"<tf.Variable 'global_step:0' shape=() dtype=int64, numpy=14400>",6.432874917984009
261,642.6666666666666,79.28051443137237,1.5964032092180052,"<tf.Variable 'global_step:0' shape=() dtype=int64, numpy=14400>",5.19435715675354
262,643.75,79.4531334789914,1.5984661067994723,"<tf.Variable 'global_step:0' shape=() dtype=int64, numpy=14400>",5.12120795249939
263,643.0,79.9233715742295,1.6060485803327351,"<tf.Variable 'global_step:0' shape=() dtype=int64, numpy=14400>",5.502270936965942
264,641.4166666666666,78.80878824089618,1.5865764128094346,"<tf.Variable 'global_step:0' shape=() dtype=int64, numpy=14400>",5.662658929824829
265,643.0833333333334,79.36235966946761,1.5965863214832015,"<tf.Variable 'global_step:0' shape=() dtype=int64, numpy=14400>",6.792104959487915
266,642.75,79.85045490756285,1.6029613198384967,"<tf.Variable 'global_step:0' shape=() dtype=int64, numpy=14400>",6.2929770946502686
267,644.0833333333334,79.86235966946761,1.6087299518568694,"<tf.Variable 'global_step:0' shape=() dtype=int64, numpy=14400>",5.549989223480225
268,642.75,78.92485966946761,1.590251485181745,"<tf.Variable 'global_step:0' shape=() dtype=int64, numpy=14400>",5.212761878967285
269,642.5833333333334,79.97396681232475,1.6085773439879045,"<tf.Variable 'global_step:0' shape=() dtype=int64, numpy=14400>",5.549893856048584
270,604.8333333333334,121.9733294747442,5.311677751437303,"<tf.Variable 'global_step:0' shape=() dtype=int64, numpy=14400>",5.7943620681762695
271,603.8333333333334,121.54811579953049,5.22008121898219,"<tf.Variable 'global_step:0' shape=() dtype=int64, numpy=14400>",11.007812023162842
272,604.25,122.57162007303481,5.460683155474285,"<tf.Variable 'global_step:0' shape=() dtype=int64, numpy=14400>",6.863900899887085
273,605.4166666666666,121.9540987055134,5.322215060245002,"<tf.Variable 'global_step:0' shape=() dtype=int64, numpy=14400>",5.781511068344116
274,603.9166666666666,122.18059443200916,5.130678633142152,"<tf.Variable 'global_step:0' shape=() dtype=int64, numpy=14400>",5.808449029922485
275,603.4166666666666,122.5246115260262,5.35640614536947,"<tf.Variable 'global_step:0' shape=() dtype=int64, numpy=14400>",5.839639186859131
276,604.6666666666666,122.75538075679545,5.287122283316386,"<tf.Variable 'global_step:0' shape=() dtype=int64, numpy=14400>",6.0672852993011475
277,605.6666666666666,121.6827311841459,5.248968747396277,"<tf.Variable 'global_step:0' shape=() dtype=int64, numpy=14400>",5.849001169204712
278,608.9166666666666,122.89640639782111,5.227187324625264,"<tf.Variable 'global_step:0' shape=() dtype=int64, numpy=14400>",5.92772102355957
279,604.6666666666666,122.1699106713254,5.244249993605322,"<tf.Variable 'global_step:0' shape=() dtype=int64, numpy=14400>",5.718555927276611
280,588.9166666666666,97.37499791875962,7.584063441824256,"<tf.Variable 'global_step:0' shape=() dtype=int64, numpy=14400>",7.5826520919799805
281,594.5,97.3695334378853,7.610024483399311,"<tf.Variable 'global_step:0' shape=() dtype=int64, numpy=14400>",8.700379848480225
282,594.5,97.24111813733883,7.594624304277393,"<tf.Variable 'global_step:0' shape=() dtype=int64, numpy=14400>",7.667617082595825
283,588.9166666666666,96.2834678641148,7.536364021426624,"<tf.Variable 'global_step:0' shape=() dtype=int64, numpy=14400>",7.753729820251465
284,595.0833333333334,96.22882305537162,7.546513782776301,"<tf.Variable 'global_step:0' shape=() dtype=int64, numpy=14400>",7.791510105133057
285,591.3333333333334,96.67827660728419,7.548226249697483,"<tf.Variable 'global_step:0' shape=() dtype=int64, numpy=14400>",10.856893301010132
286,596.3333333333334,96.28893234498912,7.532126900818896,"<tf.Variable 'global_step:0' shape=() dtype=int64, numpy=14400>",8.735993146896362
287,592.3333333333334,97.08128207176507,7.577691760171288,"<tf.Variable 'global_step:0' shape=() dtype=int64, numpy=14400>",7.80209493637085
288,596.1666666666666,96.68920556903284,7.550879278037082,"<tf.Variable 'global_step:0' shape=() dtype=int64, numpy=14400>",7.748841285705566
289,594.3333333333334,96.85177387504378,7.631315330018175,"<tf.Variable 'global_step:0' shape=() dtype=int64, numpy=14400>",7.613734006881714
290,390.75,106.28089607374318,12.814513403285282,"<tf.Variable 'global_step:0' shape=() dtype=int64, numpy=14400>",5.074275255203247
291,396.1666666666667,108.7908463224994,13.245337419582318,"<tf.Variable 'global_step:0' shape=() dtype=int64, numpy=14400>",5.09691596031189
292,394.9166666666667,108.39034881006158,13.087835581227074,"<tf.Variable 'global_step:0' shape=() dtype=int64, numpy=14400>",4.827848196029663
293,392.8333333333333,106.05452791453921,12.71126437298385,"<tf.Variable 'global_step:0' shape=() dtype=int64, numpy=14400>",6.142665863037109
294,392.8333333333333,107.85925428269842,13.290271130276174,"<tf.Variable 'global_step:0' shape=() dtype=int64, numpy=14400>",5.0813069343566895
295,392.5833333333333,109.75228910856906,13.502446183655806,"<tf.Variable 'global_step:0' shape=() dtype=int64, numpy=14400>",5.136065244674683
296,394.6666666666667,107.9401000538427,13.023474828198141,"<tf.Variable 'global_step:0' shape=() dtype=int64, numpy=14400>",5.149496078491211
297,391.0833333333333,107.52965229264866,13.113844789104713,"<tf.Variable 'global_step:0' shape=() dtype=int64, numpy=14400>",4.700995683670044
298,391.1666666666667,108.68761249165362,13.525413634789395,"<tf.Variable 'global_step:0' shape=() dtype=int64, numpy=14400>",4.995984077453613
299,392.5,108.34184134737502,13.176830487003356,"<tf.Variable 'global_step:0' shape=() dtype=int64, numpy=14400>",5.048914194107056
