,RAM_avg_makespans,RAM_avg_completions,RAM_avg_slowdowns,RAM_global_step,RAM_tictoc
0,1793.0833333333333,94.48549864571645,1.6340704491510645,"<tf.Variable 'global_step:0' shape=() dtype=int64, numpy=14400>",7.920589923858643
1,1791.4166666666667,93.31883197904976,1.6122369438880007,"<tf.Variable 'global_step:0' shape=() dtype=int64, numpy=14400>",8.095295906066895
2,1792.3333333333333,93.0007891655941,1.6005635917498395,"<tf.Variable 'global_step:0' shape=() dtype=int64, numpy=14400>",7.537419080734253
3,1790.6666666666667,92.42051393623632,1.5942172858466248,"<tf.Variable 'global_step:0' shape=() dtype=int64, numpy=14400>",7.901602029800415
4,1813.5,90.54818977721492,1.5519017797186756,"<tf.Variable 'global_step:0' shape=() dtype=int64, numpy=14400>",8.400212287902832
5,1809.0833333333333,91.03672188730665,1.5654116896449481,"<tf.Variable 'global_step:0' shape=() dtype=int64, numpy=14400>",9.718976974487305
6,1805.3333333333333,91.0489543032088,1.562954676024671,"<tf.Variable 'global_step:0' shape=() dtype=int64, numpy=14400>",8.237426996231079
7,1800.5,91.50690537354518,1.5763982807098549,"<tf.Variable 'global_step:0' shape=() dtype=int64, numpy=14400>",8.085381746292114
8,1791.3333333333333,93.05048335519655,1.6073755059592552,"<tf.Variable 'global_step:0' shape=() dtype=int64, numpy=14400>",8.192185163497925
9,1802.9166666666667,91.0764772389886,1.5681375221825276,"<tf.Variable 'global_step:0' shape=() dtype=int64, numpy=14400>",8.797200202941895
10,267.0,63.745408603642375,1.5932142563786453,"<tf.Variable 'global_step:0' shape=() dtype=int64, numpy=14400>",2.7829291820526123
11,267.0,63.86322469559641,1.6160953944765772,"<tf.Variable 'global_step:0' shape=() dtype=int64, numpy=14400>",3.1797990798950195
12,267.0,63.89914423582629,1.6023313493026192,"<tf.Variable 'global_step:0' shape=() dtype=int64, numpy=14400>",2.710463047027588
13,267.0,63.88190285651594,1.6155129343634016,"<tf.Variable 'global_step:0' shape=() dtype=int64, numpy=14400>",4.979839086532593
14,267.0,63.834489063412484,1.6054654136356115,"<tf.Variable 'global_step:0' shape=() dtype=int64, numpy=14400>",2.7123429775238037
15,267.0,63.866098258814795,1.5971571876610486,"<tf.Variable 'global_step:0' shape=() dtype=int64, numpy=14400>",2.7757651805877686
16,267.0,63.75402929329755,1.575919826252665,"<tf.Variable 'global_step:0' shape=() dtype=int64, numpy=14400>",2.6648662090301514
17,267.0,63.84885687950446,1.592129914851273,"<tf.Variable 'global_step:0' shape=() dtype=int64, numpy=14400>",2.6466622352600098
18,267.0,63.76264998295272,1.585596062098139,"<tf.Variable 'global_step:0' shape=() dtype=int64, numpy=14400>",2.7188210487365723
19,267.0,63.78851205191825,1.5739827776151756,"<tf.Variable 'global_step:0' shape=() dtype=int64, numpy=14400>",2.7542572021484375
20,670.4166666666666,92.86279835446639,5.234792230537889,"<tf.Variable 'global_step:0' shape=() dtype=int64, numpy=14400>",5.567678928375244
21,670.5833333333334,94.1877983544664,5.335325420081378,"<tf.Variable 'global_step:0' shape=() dtype=int64, numpy=14400>",5.216114044189453
22,668.6666666666666,93.11140946557752,5.242006046658566,"<tf.Variable 'global_step:0' shape=() dtype=int64, numpy=14400>",5.386299133300781
23,667.0,94.43918724335528,5.422110131518626,"<tf.Variable 'global_step:0' shape=() dtype=int64, numpy=14400>",5.720912218093872
24,664.25,95.99613168779973,5.598819703059443,"<tf.Variable 'global_step:0' shape=() dtype=int64, numpy=14400>",5.431663990020752
25,652.4166666666666,98.35724279891086,5.896268568513715,"<tf.Variable 'global_step:0' shape=() dtype=int64, numpy=14400>",5.542848110198975
26,632.9166666666666,104.27113168779972,6.690099288427816,"<tf.Variable 'global_step:0' shape=() dtype=int64, numpy=14400>",5.688493728637695
27,630.8333333333334,104.8752983544664,6.887980455198133,"<tf.Variable 'global_step:0' shape=() dtype=int64, numpy=14400>",5.7343971729278564
28,633.0833333333334,102.7864094655775,6.522663884455082,"<tf.Variable 'global_step:0' shape=() dtype=int64, numpy=14400>",5.392911195755005
29,633.4166666666666,102.19335391002193,6.416312710365413,"<tf.Variable 'global_step:0' shape=() dtype=int64, numpy=14400>",5.303151845932007
30,973.0,253.44899013273417,5.706087636518736,"<tf.Variable 'global_step:0' shape=() dtype=int64, numpy=14400>",8.554516077041626
31,986.0833333333334,269.15050528424933,6.271032961885891,"<tf.Variable 'global_step:0' shape=() dtype=int64, numpy=14400>",8.973783254623413
32,984.0,256.317171950916,5.498320371217471,"<tf.Variable 'global_step:0' shape=() dtype=int64, numpy=14400>",8.782925605773926
33,991.5,259.3383840721281,5.73247320542999,"<tf.Variable 'global_step:0' shape=() dtype=int64, numpy=14400>",8.570913791656494
34,989.6666666666666,260.5702022539463,5.74427250297811,"<tf.Variable 'global_step:0' shape=() dtype=int64, numpy=14400>",8.341263055801392
35,990.4166666666666,259.42929316303724,5.754612622235165,"<tf.Variable 'global_step:0' shape=() dtype=int64, numpy=14400>",8.96176290512085
36,993.9166666666666,258.00505073879475,5.604129204352184,"<tf.Variable 'global_step:0' shape=() dtype=int64, numpy=14400>",8.462879180908203
37,992.0,258.3247477084917,5.611238567271774,"<tf.Variable 'global_step:0' shape=() dtype=int64, numpy=14400>",8.862565994262695
38,991.1666666666666,261.71262649637055,5.828759135929104,"<tf.Variable 'global_step:0' shape=() dtype=int64, numpy=14400>",8.915944337844849
39,991.75,260.90353558727963,5.77487855029507,"<tf.Variable 'global_step:0' shape=() dtype=int64, numpy=14400>",8.509366989135742
40,310.0833333333333,77.23843969890272,4.0278192674133155,"<tf.Variable 'global_step:0' shape=() dtype=int64, numpy=14400>",6.908314228057861
41,310.5,77.35241028713803,4.058848993684939,"<tf.Variable 'global_step:0' shape=() dtype=int64, numpy=14400>",6.964922904968262
42,313.3333333333333,77.24946911066742,4.044160356656602,"<tf.Variable 'global_step:0' shape=() dtype=int64, numpy=14400>",7.014833927154541
43,315.4166666666667,77.86711616949096,4.086155994856044,"<tf.Variable 'global_step:0' shape=() dtype=int64, numpy=14400>",7.254734992980957
44,315.5833333333333,78.41858675772626,4.177735596490495,"<tf.Variable 'global_step:0' shape=() dtype=int64, numpy=14400>",6.916604042053223
45,314.6666666666667,78.09015538517725,4.156624155952129,"<tf.Variable 'global_step:0' shape=() dtype=int64, numpy=14400>",7.470073223114014
46,316.25,77.93696911066742,4.122369899115208,"<tf.Variable 'global_step:0' shape=() dtype=int64, numpy=14400>",7.070101976394653
47,312.75,77.59873381654977,4.099392233004029,"<tf.Variable 'global_step:0' shape=() dtype=int64, numpy=14400>",6.848323106765747
48,313.6666666666667,77.95412597341253,4.132971049178448,"<tf.Variable 'global_step:0' shape=() dtype=int64, numpy=14400>",7.44206428527832
49,313.0833333333333,77.148978914589,4.065286156024283,"<tf.Variable 'global_step:0' shape=() dtype=int64, numpy=14400>",7.299484968185425
50,947.25,88.32931313810104,1.920784398004743,"<tf.Variable 'global_step:0' shape=() dtype=int64, numpy=14400>",6.818563222885132
51,939.3333333333334,88.19818568712066,1.8989527698999547,"<tf.Variable 'global_step:0' shape=() dtype=int64, numpy=14400>",7.1073081493377686
52,952.6666666666666,88.53397000084614,1.9132827757281972,"<tf.Variable 'global_step:0' shape=() dtype=int64, numpy=14400>",6.95288872718811
53,937.8333333333334,87.60995039300299,1.8880772616462487,"<tf.Variable 'global_step:0' shape=() dtype=int64, numpy=14400>",6.630175828933716
54,934.25,87.29499941261084,1.8884149606927723,"<tf.Variable 'global_step:0' shape=() dtype=int64, numpy=14400>",6.6300859451293945
55,923.3333333333334,86.71534254986575,1.8710308699074332,"<tf.Variable 'global_step:0' shape=() dtype=int64, numpy=14400>",6.593003749847412
56,925.1666666666666,86.99352882437556,1.8882992186624241,"<tf.Variable 'global_step:0' shape=() dtype=int64, numpy=14400>",6.682153224945068
57,901.3333333333334,85.22759745182654,1.8499208857825815,"<tf.Variable 'global_step:0' shape=() dtype=int64, numpy=14400>",7.544904947280884
58,889.3333333333334,83.12097980476771,1.8017883169227078,"<tf.Variable 'global_step:0' shape=() dtype=int64, numpy=14400>",7.504465818405151
59,888.8333333333334,83.47024451065006,1.7897940473422078,"<tf.Variable 'global_step:0' shape=() dtype=int64, numpy=14400>",9.422121286392212
60,136.41666666666666,24.970242072720836,1.84632942643172,"<tf.Variable 'global_step:0' shape=() dtype=int64, numpy=14400>",4.130825042724609
61,136.75,25.215340111936513,1.9718163991682547,"<tf.Variable 'global_step:0' shape=() dtype=int64, numpy=14400>",2.537363052368164
62,136.5,24.56460481781887,1.8054814776619734,"<tf.Variable 'global_step:0' shape=() dtype=int64, numpy=14400>",2.4286580085754395
63,136.5,24.656516582524755,1.8654551718882353,"<tf.Variable 'global_step:0' shape=() dtype=int64, numpy=14400>",2.877181053161621
64,135.75,25.007006778603188,1.8878920672666588,"<tf.Variable 'global_step:0' shape=() dtype=int64, numpy=14400>",2.464519739151001
65,136.75,25.049898935465933,1.9657167613742443,"<tf.Variable 'global_step:0' shape=() dtype=int64, numpy=14400>",2.8545658588409424
66,136.16666666666666,24.967791092328678,1.8882876216579705,"<tf.Variable 'global_step:0' shape=() dtype=int64, numpy=14400>",2.8646090030670166
67,135.83333333333334,24.651614621740435,1.7854635528454663,"<tf.Variable 'global_step:0' shape=() dtype=int64, numpy=14400>",2.4943270683288574
68,135.75,24.905291092328678,1.8437425320473702,"<tf.Variable 'global_step:0' shape=() dtype=int64, numpy=14400>",2.365605115890503
69,135.16666666666666,24.88568324919142,1.8536239264164334,"<tf.Variable 'global_step:0' shape=() dtype=int64, numpy=14400>",2.2699849605560303
70,697.5,91.11292697490667,8.633886648445191,"<tf.Variable 'global_step:0' shape=() dtype=int64, numpy=14400>",12.674312353134155
71,698.1666666666666,91.91677312875281,9.21453704121362,"<tf.Variable 'global_step:0' shape=() dtype=int64, numpy=14400>",11.572493076324463
72,691.75,90.88472184670155,9.001113729568127,"<tf.Variable 'global_step:0' shape=() dtype=int64, numpy=14400>",11.985944032669067
73,689.0833333333334,90.71933723131694,9.2049477648681,"<tf.Variable 'global_step:0' shape=() dtype=int64, numpy=14400>",12.071550846099854
74,673.8333333333334,88.80523466721435,8.549291906904942,"<tf.Variable 'global_step:0' shape=() dtype=int64, numpy=14400>",12.842161178588867
75,676.25,90.2411321031118,9.315991720891452,"<tf.Variable 'global_step:0' shape=() dtype=int64, numpy=14400>",14.576282978057861
76,684.3333333333334,89.87831159029129,8.885341035629134,"<tf.Variable 'global_step:0' shape=() dtype=int64, numpy=14400>",12.35216999053955
77,681.0,91.27318338516308,9.18070705867539,"<tf.Variable 'global_step:0' shape=() dtype=int64, numpy=14400>",12.030537128448486
78,673.9166666666666,89.42574748772718,8.848611502836848,"<tf.Variable 'global_step:0' shape=() dtype=int64, numpy=14400>",11.439921140670776
79,696.6666666666666,91.9411321031118,9.534158953981422,"<tf.Variable 'global_step:0' shape=() dtype=int64, numpy=14400>",12.14192795753479
80,1779.0833333333333,194.65848835334552,12.408054641191221,"<tf.Variable 'global_step:0' shape=() dtype=int64, numpy=14400>",13.105607986450195
81,1858.5833333333333,201.06813747615254,13.014499561781477,"<tf.Variable 'global_step:0' shape=() dtype=int64, numpy=14400>",13.205502986907959
82,1862.8333333333333,201.3848041428192,12.757664066197071,"<tf.Variable 'global_step:0' shape=() dtype=int64, numpy=14400>",18.85247278213501
83,1857.9166666666667,219.58655852878417,15.312584047018468,"<tf.Variable 'global_step:0' shape=() dtype=int64, numpy=14400>",14.91110873222351
84,1855.5833333333333,218.74445326562625,15.534327023449409,"<tf.Variable 'global_step:0' shape=() dtype=int64, numpy=14400>",15.305563926696777
85,1886.5833333333333,226.61901466913503,16.398559444433435,"<tf.Variable 'global_step:0' shape=() dtype=int64, numpy=14400>",14.775346040725708
86,1918.0833333333333,216.94357607264382,14.653925398125388,"<tf.Variable 'global_step:0' shape=() dtype=int64, numpy=14400>",14.136642932891846
87,1909.3333333333333,217.81901466913507,14.342860870514821,"<tf.Variable 'global_step:0' shape=() dtype=int64, numpy=14400>",14.082575798034668
88,1908.8333333333333,218.2470848445736,14.496014567546808,"<tf.Variable 'global_step:0' shape=() dtype=int64, numpy=14400>",14.106513023376465
89,1915.0833333333333,216.30234800246834,14.098818330690635,"<tf.Variable 'global_step:0' shape=() dtype=int64, numpy=14400>",14.491458654403687
90,1200.0833333333333,101.00411521124602,1.905889304940902,"<tf.Variable 'global_step:0' shape=() dtype=int64, numpy=14400>",10.516929864883423
91,1196.0833333333333,100.97109634332146,1.9170743547782483,"<tf.Variable 'global_step:0' shape=() dtype=int64, numpy=14400>",10.177772998809814
92,1197.5,100.93336049426489,1.9123767320758054,"<tf.Variable 'global_step:0' shape=() dtype=int64, numpy=14400>",10.426070928573608
93,1202.3333333333333,101.13619068294416,1.9024387589314784,"<tf.Variable 'global_step:0' shape=() dtype=int64, numpy=14400>",10.19367504119873
94,1200.5833333333333,101.08115923640325,1.8872300556156423,"<tf.Variable 'global_step:0' shape=() dtype=int64, numpy=14400>",9.898644924163818
95,1200.9166666666667,100.65034162634036,1.9135947587725015,"<tf.Variable 'global_step:0' shape=() dtype=int64, numpy=14400>",10.09450888633728
96,1199.6666666666667,100.7289579785416,1.9021819824028743,"<tf.Variable 'global_step:0' shape=() dtype=int64, numpy=14400>",10.499820947647095
97,1196.75,100.84059319866738,1.9069156021571996,"<tf.Variable 'global_step:0' shape=() dtype=int64, numpy=14400>",10.073349237442017
98,1196.75,100.5339894250825,1.9169185510480118,"<tf.Variable 'global_step:0' shape=() dtype=int64, numpy=14400>",10.163753986358643
99,1195.1666666666667,100.52455546281834,1.8966584146530518,"<tf.Variable 'global_step:0' shape=() dtype=int64, numpy=14400>",10.493941068649292
100,669.0833333333334,111.49344667958017,6.150963901070836,"<tf.Variable 'global_step:0' shape=() dtype=int64, numpy=14400>",6.815751075744629
101,670.0,112.06785144148493,6.165272719773239,"<tf.Variable 'global_step:0' shape=() dtype=int64, numpy=14400>",6.799130916595459
102,669.5,112.68689906053253,6.191953217778789,"<tf.Variable 'global_step:0' shape=() dtype=int64, numpy=14400>",6.476388692855835
103,665.25,112.84761334624682,6.231306511418432,"<tf.Variable 'global_step:0' shape=() dtype=int64, numpy=14400>",6.192530870437622
104,670.0833333333334,113.08868477481826,6.257409771836528,"<tf.Variable 'global_step:0' shape=() dtype=int64, numpy=14400>",6.82008695602417
105,673.1666666666666,111.94731572719921,6.18918583029783,"<tf.Variable 'global_step:0' shape=() dtype=int64, numpy=14400>",6.228316307067871
106,666.4166666666666,112.11398239386585,6.173473091611974,"<tf.Variable 'global_step:0' shape=() dtype=int64, numpy=14400>",6.319033145904541
107,669.6666666666666,111.56338715577063,6.079023442046157,"<tf.Variable 'global_step:0' shape=() dtype=int64, numpy=14400>",7.530805826187134
108,669.9166666666666,110.47707763196111,6.043940792682683,"<tf.Variable 'global_step:0' shape=() dtype=int64, numpy=14400>",6.156550884246826
109,668.1666666666666,112.38779191767539,6.215081457282973,"<tf.Variable 'global_step:0' shape=() dtype=int64, numpy=14400>",8.566332817077637
110,517.5,94.05016136618308,3.7028399328130597,"<tf.Variable 'global_step:0' shape=() dtype=int64, numpy=14400>",12.060798168182373
111,516.5833333333334,93.61699304935138,3.716170094391259,"<tf.Variable 'global_step:0' shape=() dtype=int64, numpy=14400>",8.225735902786255
112,515.6666666666666,93.00808215826227,3.7373466502513235,"<tf.Variable 'global_step:0' shape=() dtype=int64, numpy=14400>",8.398202180862427
113,515.5833333333334,98.07986433648007,4.142904870585875,"<tf.Variable 'global_step:0' shape=() dtype=int64, numpy=14400>",8.106770992279053
114,518.5833333333334,97.8983461846649,4.092643145476984,"<tf.Variable 'global_step:0' shape=() dtype=int64, numpy=14400>",7.761240720748901
115,515.25,97.38679502954938,4.1203487530842065,"<tf.Variable 'global_step:0' shape=() dtype=int64, numpy=14400>",7.9585840702056885
116,516.8333333333334,96.33151450149656,3.9532581977529535,"<tf.Variable 'global_step:0' shape=() dtype=int64, numpy=14400>",7.768579959869385
117,517.0833333333334,96.35214156420285,4.008779349422107,"<tf.Variable 'global_step:0' shape=() dtype=int64, numpy=14400>",8.398369073867798
118,518.0833333333334,98.40247159720614,4.187750286405181,"<tf.Variable 'global_step:0' shape=() dtype=int64, numpy=14400>",7.921376943588257
119,516.1666666666666,93.18299965001144,3.892505506806105,"<tf.Variable 'global_step:0' shape=() dtype=int64, numpy=14400>",7.764222145080566
120,881.5833333333334,124.30554252386531,8.964218137333015,"<tf.Variable 'global_step:0' shape=() dtype=int64, numpy=14400>",9.645487070083618
121,880.8333333333334,125.70618354950632,9.016276151982266,"<tf.Variable 'global_step:0' shape=() dtype=int64, numpy=14400>",9.147159099578857
122,883.0833333333334,125.83438867771144,9.234320942244652,"<tf.Variable 'global_step:0' shape=() dtype=int64, numpy=14400>",9.247506856918335
123,882.6666666666666,125.51921773754053,8.874925372693033,"<tf.Variable 'global_step:0' shape=() dtype=int64, numpy=14400>",9.222362041473389
124,882.0833333333334,125.6046878230106,9.07801549227937,"<tf.Variable 'global_step:0' shape=() dtype=int64, numpy=14400>",11.260337829589844
125,883.3333333333334,124.38673910506189,8.474222624882247,"<tf.Variable 'global_step:0' shape=() dtype=int64, numpy=14400>",9.783902883529663
126,881.0833333333334,125.13887585719864,8.77320314872757,"<tf.Variable 'global_step:0' shape=() dtype=int64, numpy=14400>",9.746838092803955
127,884.0833333333334,123.44122628454907,8.685626390472137,"<tf.Variable 'global_step:0' shape=() dtype=int64, numpy=14400>",10.005866050720215
128,884.8333333333334,122.3910126093354,8.490087108676299,"<tf.Variable 'global_step:0' shape=() dtype=int64, numpy=14400>",9.140238046646118
129,885.9166666666666,122.34186731019008,8.426839439822112,"<tf.Variable 'global_step:0' shape=() dtype=int64, numpy=14400>",9.186636686325073
130,368.4166666666667,100.3918182336479,3.5498942641200504,"<tf.Variable 'global_step:0' shape=() dtype=int64, numpy=14400>",4.486451864242554
131,367.0833333333333,101.42187287845667,3.6424932936651135,"<tf.Variable 'global_step:0' shape=() dtype=int64, numpy=14400>",4.412200927734375
132,367.8333333333333,102.23061604785556,3.653565971637637,"<tf.Variable 'global_step:0' shape=() dtype=int64, numpy=14400>",5.012171983718872
133,370.25,101.23471440851131,3.603782372636766,"<tf.Variable 'global_step:0' shape=() dtype=int64, numpy=14400>",4.642920732498169
134,373.9166666666667,101.20602588392113,3.625276640406797,"<tf.Variable 'global_step:0' shape=() dtype=int64, numpy=14400>",4.474064826965332
135,367.4166666666667,101.26340293310146,3.6031837803506117,"<tf.Variable 'global_step:0' shape=() dtype=int64, numpy=14400>",5.164844989776611
136,371.0833333333333,101.89728271452225,3.692354141695675,"<tf.Variable 'global_step:0' shape=() dtype=int64, numpy=14400>",4.622965097427368
137,370.75,100.9983756106971,3.630368764131583,"<tf.Variable 'global_step:0' shape=() dtype=int64, numpy=14400>",4.9989378452301025
138,367.5833333333333,101.19373080195392,3.6089052257180803,"<tf.Variable 'global_step:0' shape=() dtype=int64, numpy=14400>",4.531359910964966
139,371.1666666666667,101.5256980150687,3.5921019403562755,"<tf.Variable 'global_step:0' shape=() dtype=int64, numpy=14400>",4.667413949966431
140,482.1666666666667,103.67420583490859,2.6424912751976337,"<tf.Variable 'global_step:0' shape=() dtype=int64, numpy=14400>",4.434212923049927
141,483.75,104.28052767398907,2.7220892259233835,"<tf.Variable 'global_step:0' shape=() dtype=int64, numpy=14400>",4.307774066925049
142,482.9166666666667,103.57075755904656,2.6515779568744917,"<tf.Variable 'global_step:0' shape=() dtype=int64, numpy=14400>",8.116783142089844
143,478.5833333333333,104.28483801881667,2.6954941645023425,"<tf.Variable 'global_step:0' shape=() dtype=int64, numpy=14400>",3.878053903579712
144,480.0,105.20006790387411,2.7316863810292413,"<tf.Variable 'global_step:0' shape=() dtype=int64, numpy=14400>",3.903925895690918
145,478.25,104.42276905329938,2.733086739076296,"<tf.Variable 'global_step:0' shape=() dtype=int64, numpy=14400>",3.8731162548065186
146,481.0,105.05926330617298,2.719387107125007,"<tf.Variable 'global_step:0' shape=() dtype=int64, numpy=14400>",4.509290933609009
147,481.1666666666667,103.62248169697757,2.6900577728417114,"<tf.Variable 'global_step:0' shape=() dtype=int64, numpy=14400>",4.001172065734863
148,479.1666666666667,105.28914836364424,2.7349009297930404,"<tf.Variable 'global_step:0' shape=() dtype=int64, numpy=14400>",3.8837928771972656
149,474.3333333333333,104.09087250157528,2.743494674413149,"<tf.Variable 'global_step:0' shape=() dtype=int64, numpy=14400>",4.906114101409912
150,1631.1666666666667,226.92316289909022,2.8693178911750628,"<tf.Variable 'global_step:0' shape=() dtype=int64, numpy=14400>",7.8640220165252686
151,1629.1666666666667,227.9678364386091,2.826494936067387,"<tf.Variable 'global_step:0' shape=() dtype=int64, numpy=14400>",7.6034040451049805
152,1630.25,227.87591203998372,2.8369442964801554,"<tf.Variable 'global_step:0' shape=() dtype=int64, numpy=14400>",6.995080947875977
153,1632.3333333333333,228.1327848922174,2.8089591642989524,"<tf.Variable 'global_step:0' shape=() dtype=int64, numpy=14400>",6.2801079750061035
154,1631.0833333333333,228.26766461730324,2.877751927623129,"<tf.Variable 'global_step:0' shape=() dtype=int64, numpy=14400>",6.206048011779785
155,1632.0,229.51422819118645,2.878915684246681,"<tf.Variable 'global_step:0' shape=() dtype=int64, numpy=14400>",6.136598110198975
156,1631.75,230.4265993252071,2.9238972328702686,"<tf.Variable 'global_step:0' shape=() dtype=int64, numpy=14400>",6.796245098114014
157,1630.5,229.2083862667878,2.898992695823219,"<tf.Variable 'global_step:0' shape=() dtype=int64, numpy=14400>",6.223674774169922
158,1631.6666666666667,231.22642750390116,2.944602524872916,"<tf.Variable 'global_step:0' shape=() dtype=int64, numpy=14400>",8.120695114135742
159,1633.0833333333333,232.14824880974314,2.950966866456669,"<tf.Variable 'global_step:0' shape=() dtype=int64, numpy=14400>",10.295423030853271
160,596.25,73.07512679447613,2.6237871137889037,"<tf.Variable 'global_step:0' shape=() dtype=int64, numpy=14400>",2.1317100524902344
161,598.0,72.47042593977528,2.5890706900712943,"<tf.Variable 'global_step:0' shape=() dtype=int64, numpy=14400>",4.61906099319458
162,597.1666666666666,73.17341739276672,2.597847502321104,"<tf.Variable 'global_step:0' shape=() dtype=int64, numpy=14400>",2.0852701663970947
163,596.8333333333334,72.67128064062999,2.5520249015991507,"<tf.Variable 'global_step:0' shape=() dtype=int64, numpy=14400>",2.1389501094818115
164,597.0833333333334,72.35504132439065,2.547424647781145,"<tf.Variable 'global_step:0' shape=() dtype=int64, numpy=14400>",2.1168341636657715
165,597.4166666666666,72.688374657724,2.6024024949324303,"<tf.Variable 'global_step:0' shape=() dtype=int64, numpy=14400>",2.285205841064453
166,596.0,72.59008405943341,2.4813610313322823,"<tf.Variable 'global_step:0' shape=() dtype=int64, numpy=14400>",2.0739569664001465
167,596.5,72.65632337567273,2.5302518182842157,"<tf.Variable 'global_step:0' shape=() dtype=int64, numpy=14400>",2.3265092372894287
168,596.8333333333334,72.38495585430518,2.4692140538359717,"<tf.Variable 'global_step:0' shape=() dtype=int64, numpy=14400>",4.334167718887329
169,597.5,72.5409387602881,2.544626054920822,"<tf.Variable 'global_step:0' shape=() dtype=int64, numpy=14400>",2.29900860786438
170,1087.3333333333333,69.67591657261111,2.619481068213508,"<tf.Variable 'global_step:0' shape=() dtype=int64, numpy=14400>",6.936410903930664
171,1089.5833333333333,69.96758323927777,2.615762045708437,"<tf.Variable 'global_step:0' shape=() dtype=int64, numpy=14400>",6.973625183105469
172,1086.6666666666667,69.29023281192734,2.6013560366246846,"<tf.Variable 'global_step:0' shape=() dtype=int64, numpy=14400>",7.187280178070068
173,1083.5,68.95583110252564,2.606212965749694,"<tf.Variable 'global_step:0' shape=() dtype=int64, numpy=14400>",7.097359895706177
174,1078.75,67.89813879483332,2.535278391904026,"<tf.Variable 'global_step:0' shape=() dtype=int64, numpy=14400>",7.231635808944702
175,1078.4166666666667,67.19301058970512,2.561371607884677,"<tf.Variable 'global_step:0' shape=() dtype=int64, numpy=14400>",6.933607816696167
176,1074.4166666666667,65.99856614526067,2.4605957956147537,"<tf.Variable 'global_step:0' shape=() dtype=int64, numpy=14400>",7.173205852508545
177,1074.5,64.96330973500427,2.407516708899315,"<tf.Variable 'global_step:0' shape=() dtype=int64, numpy=14400>",7.217827081680298
178,1075.25,66.12036101705554,2.5137238817509817,"<tf.Variable 'global_step:0' shape=() dtype=int64, numpy=14400>",7.261674165725708
179,1071.9166666666667,65.65882255551709,2.48572278709167,"<tf.Variable 'global_step:0' shape=() dtype=int64, numpy=14400>",7.2437238693237305
180,1172.0,334.3168752427294,13.060743339973003,"<tf.Variable 'global_step:0' shape=() dtype=int64, numpy=14400>",11.904510974884033
181,1178.1666666666667,336.94881968717385,13.190772746119835,"<tf.Variable 'global_step:0' shape=() dtype=int64, numpy=14400>",12.753331899642944
182,1185.5,334.12441492526904,13.149152189653114,"<tf.Variable 'global_step:0' shape=() dtype=int64, numpy=14400>",12.464943885803223
183,1171.1666666666667,337.34762921098337,13.187009721414938,"<tf.Variable 'global_step:0' shape=() dtype=int64, numpy=14400>",12.15506100654602
184,1166.25,333.55199429034843,13.138112993292522,"<tf.Variable 'global_step:0' shape=() dtype=int64, numpy=14400>",12.621106147766113
185,1164.75,331.56489111574524,13.072824295838437,"<tf.Variable 'global_step:0' shape=() dtype=int64, numpy=14400>",17.30489492416382
186,1179.9166666666667,340.6065577824119,13.297870459366202,"<tf.Variable 'global_step:0' shape=() dtype=int64, numpy=14400>",15.881347179412842
187,1166.25,336.86647841733264,13.297178579248166,"<tf.Variable 'global_step:0' shape=() dtype=int64, numpy=14400>",13.568326950073242
188,1182.6666666666667,337.217668893523,13.173703345878549,"<tf.Variable 'global_step:0' shape=() dtype=int64, numpy=14400>",12.203055143356323
189,1182.6666666666667,340.4289784173326,13.180181364447394,"<tf.Variable 'global_step:0' shape=() dtype=int64, numpy=14400>",13.148037195205688
190,771.3333333333334,119.5625566135497,3.7354199025112025,"<tf.Variable 'global_step:0' shape=() dtype=int64, numpy=14400>",8.32639217376709
191,767.5,118.92281862228333,3.6740941538610943,"<tf.Variable 'global_step:0' shape=() dtype=int64, numpy=14400>",8.842399835586548
192,772.5833333333334,118.95302240685392,3.646608532809104,"<tf.Variable 'global_step:0' shape=() dtype=int64, numpy=14400>",9.249609231948853
193,768.5,119.61386665721783,3.704501419854461,"<tf.Variable 'global_step:0' shape=() dtype=int64, numpy=14400>",8.542021036148071
194,769.0833333333334,119.36350275619891,3.7172326839434615,"<tf.Variable 'global_step:0' shape=() dtype=int64, numpy=14400>",11.324455976486206
195,770.5,118.89006753058028,3.644981636234272,"<tf.Variable 'global_step:0' shape=() dtype=int64, numpy=14400>",8.051954984664917
196,767.6666666666666,118.56037320743617,3.6103824855670683,"<tf.Variable 'global_step:0' shape=() dtype=int64, numpy=14400>",8.060407876968384
197,769.0,119.04800057279279,3.6644458908626802,"<tf.Variable 'global_step:0' shape=() dtype=int64, numpy=14400>",8.790017127990723
198,768.0833333333334,118.58038776347695,3.570250414817718,"<tf.Variable 'global_step:0' shape=() dtype=int64, numpy=14400>",8.259619235992432
199,770.8333333333334,118.830023862458,3.6500905633717005,"<tf.Variable 'global_step:0' shape=() dtype=int64, numpy=14400>",8.067976236343384
200,780.3333333333334,145.3932672657229,7.312874488702207,"<tf.Variable 'global_step:0' shape=() dtype=int64, numpy=14400>",9.326842784881592
201,777.6666666666666,147.3342929067485,7.523176544225059,"<tf.Variable 'global_step:0' shape=() dtype=int64, numpy=14400>",8.422664880752563
202,776.75,145.23813906059465,7.39898633943599,"<tf.Variable 'global_step:0' shape=() dtype=int64, numpy=14400>",8.295060873031616
203,775.0833333333334,146.50224162469723,7.4245004507452785,"<tf.Variable 'global_step:0' shape=() dtype=int64, numpy=14400>",8.365176916122437
204,770.9166666666666,146.0637800862357,7.448169038584466,"<tf.Variable 'global_step:0' shape=() dtype=int64, numpy=14400>",12.983837127685547
205,772.0,146.61249803495363,7.36191771707183,"<tf.Variable 'global_step:0' shape=() dtype=int64, numpy=14400>",8.433859825134277
206,771.25,145.6445493170049,7.388643615545152,"<tf.Variable 'global_step:0' shape=() dtype=int64, numpy=14400>",8.317828178405762
207,772.8333333333334,146.0932672657229,7.4367663754255,"<tf.Variable 'global_step:0' shape=() dtype=int64, numpy=14400>",11.689666032791138
208,772.75,146.75993393238954,7.385492922285938,"<tf.Variable 'global_step:0' shape=() dtype=int64, numpy=14400>",9.01074504852295
209,778.0,147.99454931700492,7.54206362164359,"<tf.Variable 'global_step:0' shape=() dtype=int64, numpy=14400>",8.406415939331055
210,699.75,102.17693731636103,1.7532184571175666,"<tf.Variable 'global_step:0' shape=() dtype=int64, numpy=14400>",10.824610233306885
211,699.1666666666666,102.05673082668551,1.7770107344414614,"<tf.Variable 'global_step:0' shape=() dtype=int64, numpy=14400>",7.38674783706665
212,695.0833333333334,101.35761578243772,1.731200964248892,"<tf.Variable 'global_step:0' shape=() dtype=int64, numpy=14400>",8.155046939849854
213,698.6666666666666,101.23003466149375,1.7290579061823934,"<tf.Variable 'global_step:0' shape=() dtype=int64, numpy=14400>",7.491625070571899
214,695.25,101.0006836290454,1.7222510018156176,"<tf.Variable 'global_step:0' shape=() dtype=int64, numpy=14400>",7.488690137863159
215,700.75,100.97118510397165,1.7207738116516431,"<tf.Variable 'global_step:0' shape=() dtype=int64, numpy=14400>",7.5534279346466064
216,696.0833333333334,100.64965118066782,1.7127434182291543,"<tf.Variable 'global_step:0' shape=() dtype=int64, numpy=14400>",8.182856798171997
217,693.3333333333334,100.80230604792445,1.7209185464474317,"<tf.Variable 'global_step:0' shape=() dtype=int64, numpy=14400>",7.554984092712402
218,698.3333333333334,100.65260103317519,1.7240671156909784,"<tf.Variable 'global_step:0' shape=() dtype=int64, numpy=14400>",7.3599700927734375
219,698.5833333333334,101.17325000072681,1.723435572714396,"<tf.Variable 'global_step:0' shape=() dtype=int64, numpy=14400>",8.242931127548218
220,1581.6666666666667,182.33569180236088,5.499482489650806,"<tf.Variable 'global_step:0' shape=() dtype=int64, numpy=14400>",7.7009596824646
221,1583.3333333333333,182.03109410121147,5.483826388736453,"<tf.Variable 'global_step:0' shape=() dtype=int64, numpy=14400>",7.594648122787476
222,1582.9166666666667,182.54402513569426,5.522126932330607,"<tf.Variable 'global_step:0' shape=() dtype=int64, numpy=14400>",7.596412897109985
223,1580.75,182.07850789431492,5.534519721702394,"<tf.Variable 'global_step:0' shape=() dtype=int64, numpy=14400>",7.7758002281188965
224,1582.1666666666667,181.59000214718847,5.516098177514472,"<tf.Variable 'global_step:0' shape=() dtype=int64, numpy=14400>",8.247151851654053
225,1582.0833333333333,178.86730099776318,5.435176795609611,"<tf.Variable 'global_step:0' shape=() dtype=int64, numpy=14400>",12.155656814575195
226,1582.5,179.1302320322459,5.4706959656771454,"<tf.Variable 'global_step:0' shape=() dtype=int64, numpy=14400>",7.402240037918091
227,1581.0,180.5181630667287,5.473761714854237,"<tf.Variable 'global_step:0' shape=() dtype=int64, numpy=14400>",7.632243871688843
228,1582.3333333333333,183.27678375638388,5.44176240732272,"<tf.Variable 'global_step:0' shape=() dtype=int64, numpy=14400>",8.180355787277222
229,1579.4166666666667,183.4506343310965,5.450657088449524,"<tf.Variable 'global_step:0' shape=() dtype=int64, numpy=14400>",7.486732006072998
230,394.25,96.19134531909462,7.134309807458524,"<tf.Variable 'global_step:0' shape=() dtype=int64, numpy=14400>",11.197237014770508
231,393.8333333333333,95.84908341433271,7.004982801413473,"<tf.Variable 'global_step:0' shape=() dtype=int64, numpy=14400>",10.935022830963135
232,394.75,95.73400404925333,6.999394197084697,"<tf.Variable 'global_step:0' shape=() dtype=int64, numpy=14400>",11.364623069763184
233,394.4166666666667,94.79848817623746,6.830031706370711,"<tf.Variable 'global_step:0' shape=() dtype=int64, numpy=14400>",11.19838285446167
234,394.75,94.8947183349676,6.900467264406758,"<tf.Variable 'global_step:0' shape=() dtype=int64, numpy=14400>",10.525527000427246
235,395.0833333333333,94.84213896988825,6.832597996884476,"<tf.Variable 'global_step:0' shape=() dtype=int64, numpy=14400>",10.3576021194458
236,394.1666666666667,94.7865834143327,6.828206430369423,"<tf.Variable 'global_step:0' shape=() dtype=int64, numpy=14400>",11.381005764007568
237,393.9166666666667,95.1318215095708,6.9761611691634,"<tf.Variable 'global_step:0' shape=() dtype=int64, numpy=14400>",10.531554222106934
238,396.3333333333333,95.05642468417398,6.925108416469431,"<tf.Variable 'global_step:0' shape=() dtype=int64, numpy=14400>",10.664212942123413
239,395.75,94.85801198576127,6.857515218301092,"<tf.Variable 'global_step:0' shape=() dtype=int64, numpy=14400>",10.647942304611206
240,285.1666666666667,56.97964153863199,3.441043996406379,"<tf.Variable 'global_step:0' shape=() dtype=int64, numpy=14400>",5.24753475189209
241,285.4166666666667,56.6532526497431,3.452614088990044,"<tf.Variable 'global_step:0' shape=() dtype=int64, numpy=14400>",5.403298854827881
242,285.0,56.35116931640976,3.447568328594334,"<tf.Variable 'global_step:0' shape=() dtype=int64, numpy=14400>",5.185097932815552
243,285.5,57.92929431640976,3.485933058328268,"<tf.Variable 'global_step:0' shape=() dtype=int64, numpy=14400>",5.1219940185546875
244,285.75,57.82859987196533,3.5056865301147457,"<tf.Variable 'global_step:0' shape=() dtype=int64, numpy=14400>",5.192626237869263
245,285.0,55.785197094187545,3.3864468323224703,"<tf.Variable 'global_step:0' shape=() dtype=int64, numpy=14400>",4.987522125244141
246,286.3333333333333,58.196655427520874,3.6787174761592247,"<tf.Variable 'global_step:0' shape=() dtype=int64, numpy=14400>",5.113874912261963
247,285.0833333333333,57.6376276497431,3.5121447805667145,"<tf.Variable 'global_step:0' shape=() dtype=int64, numpy=14400>",5.028850078582764
248,285.3333333333333,57.915405427520874,3.5641784327267936,"<tf.Variable 'global_step:0' shape=() dtype=int64, numpy=14400>",5.197218894958496
249,285.3333333333333,57.998738760854216,3.6918978293699993,"<tf.Variable 'global_step:0' shape=() dtype=int64, numpy=14400>",5.0156238079071045
250,1205.9166666666667,191.99104394460065,10.082823029168772,"<tf.Variable 'global_step:0' shape=() dtype=int64, numpy=14400>",6.261270046234131
251,1201.5,191.26534950015616,9.70477633110328,"<tf.Variable 'global_step:0' shape=() dtype=int64, numpy=14400>",7.153152942657471
252,1205.6666666666667,191.371252277934,9.818414904890544,"<tf.Variable 'global_step:0' shape=() dtype=int64, numpy=14400>",7.065793037414551
253,1183.1666666666667,174.08132172237842,8.263723479271492,"<tf.Variable 'global_step:0' shape=() dtype=int64, numpy=14400>",7.217674970626831
254,1178.3333333333333,175.60215505571173,8.735465221256872,"<tf.Variable 'global_step:0' shape=() dtype=int64, numpy=14400>",6.329880952835083
255,1168.8333333333333,173.61083561126733,8.437423266220714,"<tf.Variable 'global_step:0' shape=() dtype=int64, numpy=14400>",6.303047180175781
256,1178.9166666666667,174.14382172237845,8.626178663390982,"<tf.Variable 'global_step:0' shape=() dtype=int64, numpy=14400>",9.562434196472168
257,1172.8333333333333,174.16465505571173,8.68578329128452,"<tf.Variable 'global_step:0' shape=() dtype=int64, numpy=14400>",6.97128701210022
258,1179.25,174.68375227793396,8.508376649014561,"<tf.Variable 'global_step:0' shape=() dtype=int64, numpy=14400>",7.274371862411499
259,1177.4166666666667,172.42854394460065,8.454544787877257,"<tf.Variable 'global_step:0' shape=() dtype=int64, numpy=14400>",6.336606979370117
260,649.0,120.37128824089622,2.1736844164625846,"<tf.Variable 'global_step:0' shape=() dtype=int64, numpy=14400>",5.652759075164795
261,651.0833333333334,122.60194300280097,2.207202412395685,"<tf.Variable 'global_step:0' shape=() dtype=int64, numpy=14400>",5.826776027679443
262,648.1666666666666,120.2254549075629,2.166053489489188,"<tf.Variable 'global_step:0' shape=() dtype=int64, numpy=14400>",5.9791107177734375
263,646.8333333333334,120.17188347899145,2.1692121308205365,"<tf.Variable 'global_step:0' shape=() dtype=int64, numpy=14400>",5.754599094390869
264,645.6666666666666,120.67485966946765,2.173199336829593,"<tf.Variable 'global_step:0' shape=() dtype=int64, numpy=14400>",6.040690898895264
265,650.6666666666666,118.5677168123248,2.151200517380285,"<tf.Variable 'global_step:0' shape=() dtype=int64, numpy=14400>",5.850023984909058
266,645.6666666666666,116.07962157422953,2.1134846679399977,"<tf.Variable 'global_step:0' shape=() dtype=int64, numpy=14400>",5.829518795013428
267,644.25,113.88616919327717,2.0784134465103024,"<tf.Variable 'global_step:0' shape=() dtype=int64, numpy=14400>",5.686665058135986
268,642.75,114.01265728851526,2.086287532698659,"<tf.Variable 'global_step:0' shape=() dtype=int64, numpy=14400>",6.552021026611328
269,647.9166666666666,111.04539538375336,2.0384843292087003,"<tf.Variable 'global_step:0' shape=() dtype=int64, numpy=14400>",6.501859188079834
270,613.75,111.79170554312024,6.749296961135838,"<tf.Variable 'global_step:0' shape=() dtype=int64, numpy=14400>",5.842370986938477
271,613.8333333333334,112.16563716705188,6.702335173803198,"<tf.Variable 'global_step:0' shape=() dtype=int64, numpy=14400>",5.722588777542114
272,613.0,112.13358588500057,6.7705304869458915,"<tf.Variable 'global_step:0' shape=() dtype=int64, numpy=14400>",5.587472915649414
273,612.4166666666666,111.89213289354758,6.755553766806378,"<tf.Variable 'global_step:0' shape=() dtype=int64, numpy=14400>",6.521100759506226
274,613.5,111.96905597047068,6.722755381518692,"<tf.Variable 'global_step:0' shape=() dtype=int64, numpy=14400>",5.740819931030273
275,612.3333333333334,111.65067990209458,6.743810797995764,"<tf.Variable 'global_step:0' shape=() dtype=int64, numpy=14400>",5.7285261154174805
276,613.0833333333334,111.09512434653904,6.757579174745792,"<tf.Variable 'global_step:0' shape=() dtype=int64, numpy=14400>",5.694227933883667
277,611.75,111.41777391918862,6.506256706916329,"<tf.Variable 'global_step:0' shape=() dtype=int64, numpy=14400>",5.808007001876831
278,612.5,111.33444058585529,6.688768036596869,"<tf.Variable 'global_step:0' shape=() dtype=int64, numpy=14400>",5.634568929672241
279,611.0,111.41136366277838,6.53207747129554,"<tf.Variable 'global_step:0' shape=() dtype=int64, numpy=14400>",7.866904020309448
280,617.9166666666666,82.33401431220223,6.169353070558606,"<tf.Variable 'global_step:0' shape=() dtype=int64, numpy=14400>",8.819916009902954
281,620.5833333333334,82.49111813733884,6.059987449736387,"<tf.Variable 'global_step:0' shape=() dtype=int64, numpy=14400>",8.632377862930298
282,616.3333333333334,82.11406895701099,6.075085306434159,"<tf.Variable 'global_step:0' shape=() dtype=int64, numpy=14400>",8.727643013000488
283,616.5833333333334,82.51434218105469,6.040273831895828,"<tf.Variable 'global_step:0' shape=() dtype=int64, numpy=14400>",7.865323066711426
284,620.1666666666666,81.83538043242082,6.074813285430342,"<tf.Variable 'global_step:0' shape=() dtype=int64, numpy=14400>",12.232677221298218
285,619.25,82.96652797340441,6.329139715359605,"<tf.Variable 'global_step:0' shape=() dtype=int64, numpy=14400>",8.700677156448364
286,621.1666666666666,83.06762086957927,6.3284188814760975,"<tf.Variable 'global_step:0' shape=() dtype=int64, numpy=14400>",8.811182975769043
287,622.5,82.95833125209295,6.278041014348432,"<tf.Variable 'global_step:0' shape=() dtype=int64, numpy=14400>",8.797974109649658
288,621.0,82.40641868378692,6.08306648525004,"<tf.Variable 'global_step:0' shape=() dtype=int64, numpy=14400>",7.835716724395752
289,619.0,83.40095420291262,6.33797737091563,"<tf.Variable 'global_step:0' shape=() dtype=int64, numpy=14400>",7.8736491203308105
290,397.5833333333333,94.1042791583203,9.534044835122957,"<tf.Variable 'global_step:0' shape=() dtype=int64, numpy=14400>",5.343376874923706
291,398.5,94.1266672180218,9.647730680542878,"<tf.Variable 'global_step:0' shape=() dtype=int64, numpy=14400>",4.483759880065918
292,399.5,94.2871149792158,9.633145306300984,"<tf.Variable 'global_step:0' shape=() dtype=int64, numpy=14400>",4.728884935379028
293,400.0,94.50104532747451,9.591005402892927,"<tf.Variable 'global_step:0' shape=() dtype=int64, numpy=14400>",4.454085826873779
294,396.9166666666667,94.79209010359392,9.656335957278857,"<tf.Variable 'global_step:0' shape=() dtype=int64, numpy=14400>",4.874311208724976
295,399.25,94.92393089961382,9.799412464764432,"<tf.Variable 'global_step:0' shape=() dtype=int64, numpy=14400>",8.663856029510498
296,395.75,93.80577169563371,9.47959164310103,"<tf.Variable 'global_step:0' shape=() dtype=int64, numpy=14400>",4.671281814575195
297,394.5833333333333,93.59432890956408,9.590432845312995,"<tf.Variable 'global_step:0' shape=() dtype=int64, numpy=14400>",4.693814992904663
298,396.5,93.42517468070837,9.463345550582233,"<tf.Variable 'global_step:0' shape=() dtype=int64, numpy=14400>",4.66784405708313
299,396.5833333333333,93.59557269065861,9.485383873687573,"<tf.Variable 'global_step:0' shape=() dtype=int64, numpy=14400>",5.4359290599823
