,RAM_total_rewards,RAM_avg_rewards
0,-651,-0.13364812153561897
1,-653,-0.13400369382310692
2,-650,-0.13347022587268995
3,-660,-0.13524590163934427
4,-660,-0.13524590163934427
5,-654,-0.13418137053754617
6,-649,-0.1332922571369891
7,-634,-0.13061392665842603
8,-654,-0.13418137053754617
9,-658,-0.13489134891348914
10,-640,-0.13168724279835392
11,-654,-0.13418137053754617
12,-644,-0.13240131578947367
13,-654,-0.13418137053754617
14,-651,-0.13364812153561897
15,-643,-0.13222290767016245
16,-647,-0.132936100267105
17,-655,-0.13435897435897437
18,-644,-0.13240131578947367
19,-646,-0.1327579120427456
20,-647,-0.132936100267105
21,-645,-0.13257965056526208
22,-637,-0.13115091620341776
23,-641,-0.1318658712199136
24,-649,-0.1332922571369891
25,-641,-0.1318658712199136
26,-643,-0.13222290767016245
27,-650,-0.13347022587268995
28,-646,-0.1327579120427456
29,-643,-0.13222290767016245
30,-649,-0.1332922571369891
31,-645,-0.13257965056526208
32,-647,-0.132936100267105
33,-650,-0.13347022587268995
34,-641,-0.1318658712199136
35,-651,-0.13364812153561897
36,-641,-0.1318658712199136
37,-650,-0.13347022587268995
38,-642,-0.1320444261620732
39,-638,-0.13132976533552904
40,-645,-0.13257965056526208
41,-640,-0.13168724279835392
42,-639,-0.13150854085202718
43,-644,-0.13240131578947367
44,-645,-0.13257965056526208
45,-642,-0.1320444261620732
46,-649,-0.1332922571369891
47,-649,-0.1332922571369891
48,-639,-0.13150854085202718
49,-644,-0.13240131578947367
50,-635,-0.13079299691040164
51,-644,-0.13240131578947367
52,-639,-0.13150854085202718
53,-644,-0.13240131578947367
54,-643,-0.13222290767016245
55,-640,-0.13168724279835392
56,-647,-0.132936100267105
57,-633,-0.13043478260869565
58,-642,-0.1320444261620732
59,-642,-0.1320444261620732
60,-627,-0.12935836599958736
61,-635,-0.13079299691040164
62,-642,-0.1320444261620732
63,-635,-0.13079299691040164
64,-640,-0.13168724279835392
65,-639,-0.13150854085202718
66,-639,-0.13150854085202718
67,-639,-0.13150854085202718
68,-638,-0.13132976533552904
69,-636,-0.13097199341021418
70,-632,-0.1302555647155812
71,-646,-0.1327579120427456
72,-633,-0.13043478260869565
73,-631,-0.13007627293341578
74,-637,-0.13115091620341776
75,-633,-0.13043478260869565
76,-628,-0.12953795379537955
77,-623,-0.12863927317778237
78,-633,-0.13043478260869565
79,-630,-0.12989690721649486
80,-644,-0.13240131578947367
81,-625,-0.12899896800825594
82,-631,-0.13007627293341578
83,-635,-0.13079299691040164
84,-625,-0.12899896800825594
85,-631,-0.13007627293341578
86,-623,-0.12863927317778237
87,-625,-0.12899896800825594
88,-631,-0.13007627293341578
89,-628,-0.12953795379537955
90,-627,-0.12935836599958736
91,-630,-0.12989690721649486
92,-634,-0.13061392665842603
93,-634,-0.13061392665842603
94,-626,-0.129178704085844
95,-634,-0.13061392665842603
96,-627,-0.12935836599958736
97,-628,-0.12953795379537955
98,-627,-0.12935836599958736
99,-627,-0.12935836599958736
100,-629,-0.1297174675190761
101,-624,-0.12881915772089184
102,-630,-0.12989690721649486
103,-628,-0.12953795379537955
104,-627,-0.12935836599958736
105,-626,-0.129178704085844
106,-625,-0.12899896800825594
107,-625,-0.12899896800825594
108,-628,-0.12953795379537955
109,-633,-0.13043478260869565
110,-631,-0.13007627293341578
111,-626,-0.129178704085844
112,-629,-0.1297174675190761
113,-629,-0.1297174675190761
114,-629,-0.1297174675190761
115,-631,-0.13007627293341578
116,-631,-0.13007627293341578
117,-629,-0.1297174675190761
118,-635,-0.13079299691040164
119,-638,-0.13132976533552904
120,-305,-0.10214333556597455
121,-305,-0.10214333556597455
122,-305,-0.10214333556597455
123,-305,-0.10214333556597455
124,-305,-0.10214333556597455
125,-305,-0.10214333556597455
126,-305,-0.10214333556597455
127,-305,-0.10214333556597455
128,-305,-0.10214333556597455
129,-305,-0.10214333556597455
130,-305,-0.10214333556597455
131,-305,-0.10214333556597455
132,-305,-0.10214333556597455
133,-305,-0.10214333556597455
134,-305,-0.10214333556597455
135,-305,-0.10214333556597455
136,-305,-0.10214333556597455
137,-305,-0.10214333556597455
138,-305,-0.10214333556597455
139,-305,-0.10214333556597455
140,-305,-0.10214333556597455
141,-305,-0.10214333556597455
142,-305,-0.10214333556597455
143,-305,-0.10214333556597455
144,-305,-0.10214333556597455
145,-305,-0.10214333556597455
146,-305,-0.10214333556597455
147,-305,-0.10214333556597455
148,-305,-0.10214333556597455
149,-305,-0.10214333556597455
150,-305,-0.10214333556597455
151,-305,-0.10214333556597455
152,-305,-0.10214333556597455
153,-305,-0.10214333556597455
154,-305,-0.10214333556597455
155,-305,-0.10214333556597455
156,-305,-0.10214333556597455
157,-305,-0.10214333556597455
158,-305,-0.10214333556597455
159,-305,-0.10214333556597455
160,-305,-0.10214333556597455
161,-305,-0.10214333556597455
162,-305,-0.10214333556597455
163,-305,-0.10214333556597455
164,-305,-0.10214333556597455
165,-305,-0.10214333556597455
166,-305,-0.10214333556597455
167,-305,-0.10214333556597455
168,-305,-0.10214333556597455
169,-305,-0.10214333556597455
170,-305,-0.10214333556597455
171,-305,-0.10214333556597455
172,-305,-0.10214333556597455
173,-305,-0.10214333556597455
174,-305,-0.10214333556597455
175,-305,-0.10214333556597455
176,-305,-0.10214333556597455
177,-305,-0.10214333556597455
178,-305,-0.10214333556597455
179,-305,-0.10214333556597455
180,-305,-0.10214333556597455
181,-305,-0.10214333556597455
182,-305,-0.10214333556597455
183,-305,-0.10214333556597455
184,-305,-0.10214333556597455
185,-305,-0.10214333556597455
186,-305,-0.10214333556597455
187,-305,-0.10214333556597455
188,-305,-0.10214333556597455
189,-305,-0.10214333556597455
190,-305,-0.10214333556597455
191,-305,-0.10214333556597455
192,-305,-0.10214333556597455
193,-305,-0.10214333556597455
194,-305,-0.10214333556597455
195,-305,-0.10214333556597455
196,-305,-0.10214333556597455
197,-305,-0.10214333556597455
198,-305,-0.10214333556597455
199,-305,-0.10214333556597455
200,-305,-0.10214333556597455
201,-305,-0.10214333556597455
202,-305,-0.10214333556597455
203,-305,-0.10214333556597455
204,-305,-0.10214333556597455
205,-305,-0.10214333556597455
206,-305,-0.10214333556597455
207,-305,-0.10214333556597455
208,-305,-0.10214333556597455
209,-305,-0.10214333556597455
210,-305,-0.10214333556597455
211,-305,-0.10214333556597455
212,-305,-0.10214333556597455
213,-305,-0.10214333556597455
214,-305,-0.10214333556597455
215,-305,-0.10214333556597455
216,-305,-0.10214333556597455
217,-305,-0.10214333556597455
218,-305,-0.10214333556597455
219,-305,-0.10214333556597455
220,-305,-0.10214333556597455
221,-305,-0.10214333556597455
222,-305,-0.10214333556597455
223,-305,-0.10214333556597455
224,-305,-0.10214333556597455
225,-305,-0.10214333556597455
226,-305,-0.10214333556597455
227,-305,-0.10214333556597455
228,-305,-0.10214333556597455
229,-305,-0.10214333556597455
230,-305,-0.10214333556597455
231,-305,-0.10214333556597455
232,-305,-0.10214333556597455
233,-305,-0.10214333556597455
234,-305,-0.10214333556597455
235,-305,-0.10214333556597455
236,-305,-0.10214333556597455
237,-305,-0.10214333556597455
238,-305,-0.10214333556597455
239,-305,-0.10214333556597455
240,-1055,-0.1748425588332781
241,-1052,-0.1744321008124689
242,-1056,-0.17497928748964375
243,-1054,-0.17470578484999172
244,-1055,-0.1748425588332781
245,-1059,-0.17538920172242464
246,-1059,-0.17538920172242464
247,-1057,-0.17511597084161695
248,-1057,-0.17511597084161695
249,-1058,-0.17525260891171113
250,-1058,-0.17525260891171113
251,-1061,-0.17566225165562913
252,-1056,-0.17497928748964375
253,-1059,-0.17538920172242464
254,-1055,-0.1748425588332781
255,-1053,-0.17456896551724138
256,-1056,-0.17497928748964375
257,-1060,-0.1755257492962411
258,-1055,-0.1748425588332781
259,-1053,-0.17456896551724138
260,-1060,-0.1755257492962411
261,-1056,-0.17497928748964375
262,-1058,-0.17525260891171113
263,-1056,-0.17497928748964375
264,-1054,-0.17470578484999172
265,-1057,-0.17511597084161695
266,-1056,-0.17497928748964375
267,-1061,-0.17566225165562913
268,-1055,-0.1748425588332781
269,-1055,-0.1748425588332781
270,-1060,-0.1755257492962411
271,-1051,-0.17429519071310115
272,-1060,-0.1755257492962411
273,-1057,-0.17511597084161695
274,-1057,-0.17511597084161695
275,-1058,-0.17525260891171113
276,-1058,-0.17525260891171113
277,-1061,-0.17566225165562913
278,-1057,-0.17511597084161695
279,-1059,-0.17538920172242464
280,-1054,-0.17470578484999172
281,-1060,-0.1755257492962411
282,-1056,-0.17497928748964375
283,-1059,-0.17538920172242464
284,-1050,-0.17415823519655002
285,-1061,-0.17566225165562913
286,-1059,-0.17538920172242464
287,-1059,-0.17538920172242464
288,-1058,-0.17525260891171113
289,-1054,-0.17470578484999172
290,-1056,-0.17497928748964375
291,-1056,-0.17497928748964375
292,-1052,-0.1744321008124689
293,-1061,-0.17566225165562913
294,-1060,-0.1755257492962411
295,-1052,-0.1744321008124689
296,-1054,-0.17470578484999172
297,-1058,-0.17525260891171113
298,-1056,-0.17497928748964375
299,-1055,-0.1748425588332781
300,-1052,-0.1744321008124689
301,-1053,-0.17456896551724138
302,-1053,-0.17456896551724138
303,-1058,-0.17525260891171113
304,-1055,-0.1748425588332781
305,-1052,-0.1744321008124689
306,-1060,-0.1755257492962411
307,-1061,-0.17566225165562913
308,-1055,-0.1748425588332781
309,-1055,-0.1748425588332781
310,-1056,-0.17497928748964375
311,-1053,-0.17456896551724138
312,-1053,-0.17456896551724138
313,-1054,-0.17470578484999172
314,-1056,-0.17497928748964375
315,-1063,-0.17593512082092022
316,-1055,-0.1748425588332781
317,-1054,-0.17470578484999172
318,-1061,-0.17566225165562913
319,-1054,-0.17470578484999172
320,-1058,-0.17525260891171113
321,-1051,-0.17429519071310115
322,-1058,-0.17525260891171113
323,-1054,-0.17470578484999172
324,-1054,-0.17470578484999172
325,-1055,-0.1748425588332781
326,-1054,-0.17470578484999172
327,-1054,-0.17470578484999172
328,-1056,-0.17497928748964375
329,-1060,-0.1755257492962411
330,-1057,-0.17511597084161695
331,-1060,-0.1755257492962411
332,-1053,-0.17456896551724138
333,-1059,-0.17538920172242464
334,-1054,-0.17470578484999172
335,-1050,-0.17415823519655002
336,-1060,-0.1755257492962411
337,-1057,-0.17511597084161695
338,-1058,-0.17525260891171113
339,-1053,-0.17456896551724138
340,-1053,-0.17456896551724138
341,-1052,-0.1744321008124689
342,-1060,-0.1755257492962411
343,-1053,-0.17456896551724138
344,-1056,-0.17497928748964375
345,-1057,-0.17511597084161695
346,-1052,-0.1744321008124689
347,-1056,-0.17497928748964375
348,-1060,-0.1755257492962411
349,-1054,-0.17470578484999172
350,-1054,-0.17470578484999172
351,-1054,-0.17470578484999172
352,-1057,-0.17511597084161695
353,-1054,-0.17470578484999172
354,-1057,-0.17511597084161695
355,-1053,-0.17456896551724138
356,-1060,-0.1755257492962411
357,-1057,-0.17511597084161695
358,-1056,-0.17497928748964375
359,-1052,-0.1744321008124689
360,-748,-0.15483336783274684
361,-751,-0.1553578816714936
362,-750,-0.15518311607697083
363,-749,-0.15500827814569537
364,-750,-0.15518311607697083
365,-749,-0.15500827814569537
366,-739,-0.153255910410618
367,-745,-0.15430820215410107
368,-751,-0.1553578816714936
369,-744,-0.15413300186451212
370,-741,-0.15360696517412936
371,-748,-0.15483336783274684
372,-743,-0.1539577289680895
373,-746,-0.15448332988196314
374,-737,-0.1529045643153527
375,-749,-0.15500827814569537
376,-737,-0.1529045643153527
377,-737,-0.1529045643153527
378,-746,-0.15448332988196314
379,-750,-0.15518311607697083
380,-752,-0.15553257497414685
381,-750,-0.15518311607697083
382,-748,-0.15483336783274684
383,-748,-0.15483336783274684
384,-720,-0.14990630855715179
385,-718,-0.14955217662986878
386,-717,-0.149375
387,-708,-0.14777708202880402
388,-707,-0.14759916492693112
389,-699,-0.14617314930991218
390,-700,-0.14635166213673426
391,-720,-0.14990630855715179
392,-713,-0.1486655546288574
393,-706,-0.14742117352265607
394,-718,-0.14955217662986878
395,-719,-0.1497292794668888
396,-726,-0.15096693699313787
397,-738,-0.15308027380211575
398,-731,-0.15184877440797673
399,-742,-0.1537823834196891
400,-725,-0.15079034941763728
401,-720,-0.14990630855715179
402,-721,-0.15008326394671107
403,-719,-0.1497292794668888
404,-731,-0.15184877440797673
405,-723,-0.15043695380774033
406,-732,-0.15202492211838006
407,-723,-0.15043695380774033
408,-719,-0.1497292794668888
409,-717,-0.149375
410,-732,-0.15202492211838006
411,-724,-0.15061368837112543
412,-717,-0.149375
413,-716,-0.14919774953115233
414,-705,-0.14724310776942356
415,-714,-0.14884302689180737
416,-718,-0.14955217662986878
417,-711,-0.14831038798498122
418,-708,-0.14777708202880402
419,-705,-0.14724310776942356
420,-712,-0.14848800834202294
421,-717,-0.149375
422,-707,-0.14759916492693112
423,-719,-0.1497292794668888
424,-704,-0.14706496762063923
425,-710,-0.14813269351137076
426,-708,-0.14777708202880402
427,-708,-0.14777708202880402
428,-708,-0.14777708202880402
429,-722,-0.1502601456815817
430,-707,-0.14759916492693112
431,-708,-0.14777708202880402
432,-705,-0.14724310776942356
433,-717,-0.149375
434,-705,-0.14724310776942356
435,-702,-0.14670846394984327
436,-710,-0.14813269351137076
437,-712,-0.14848800834202294
438,-710,-0.14813269351137076
439,-713,-0.1486655546288574
440,-722,-0.1502601456815817
441,-712,-0.14848800834202294
442,-700,-0.14635166213673426
443,-702,-0.14670846394984327
444,-696,-0.14563716258631512
445,-720,-0.14990630855715179
446,-708,-0.14777708202880402
447,-709,-0.1479549248747913
448,-708,-0.14777708202880402
449,-709,-0.1479549248747913
450,-710,-0.14813269351137076
451,-715,-0.14902042517715716
452,-711,-0.14831038798498122
453,-705,-0.14724310776942356
454,-702,-0.14670846394984327
455,-697,-0.14581589958158997
456,-708,-0.14777708202880402
457,-714,-0.14884302689180737
458,-714,-0.14884302689180737
459,-701,-0.14653010033444816
460,-704,-0.14706496762063923
461,-699,-0.14617314930991218
462,-702,-0.14670846394984327
463,-708,-0.14777708202880402
464,-716,-0.14919774953115233
465,-709,-0.1479549248747913
466,-712,-0.14848800834202294
467,-700,-0.14635166213673426
468,-721,-0.15008326394671107
469,-708,-0.14777708202880402
470,-714,-0.14884302689180737
471,-706,-0.14742117352265607
472,-703,-0.14688675302966986
473,-714,-0.14884302689180737
474,-717,-0.149375
475,-714,-0.14884302689180737
476,-700,-0.14635166213673426
477,-719,-0.1497292794668888
478,-718,-0.14955217662986878
479,-710,-0.14813269351137076
480,-1058,-0.16160073316022605
481,-1053,-0.160959951085295
482,-1059,-0.16172877214416614
483,-1048,-0.16031818877160778
484,-1051,-0.1607033639143731
485,-1062,-0.16211265455655624
486,-1052,-0.1608316771135912
487,-1050,-0.16057501146964367
488,-1057,-0.16147265505652306
489,-1052,-0.1608316771135912
490,-1058,-0.16160073316022605
491,-1061,-0.1619847328244275
492,-1042,-0.15954677691012095
493,-1044,-0.15980407163630797
494,-1050,-0.16057501146964367
495,-1048,-0.16031818877160778
496,-1054,-0.1610881858474706
497,-1053,-0.160959951085295
498,-1047,-0.16018971848225214
499,-1053,-0.160959951085295
500,-1052,-0.1608316771135912
501,-1047,-0.16018971848225214
502,-1038,-0.15903171441703692
503,-1052,-0.1608316771135912
504,-1061,-0.1619847328244275
505,-1052,-0.1608316771135912
506,-1052,-0.1608316771135912
507,-1052,-0.1608316771135912
508,-1052,-0.1608316771135912
509,-1055,-0.1612163814180929
510,-1045,-0.15993265993265993
511,-1054,-0.1610881858474706
512,-1045,-0.15993265993265993
513,-1058,-0.16160073316022605
514,-1056,-0.16134453781512606
515,-1052,-0.1608316771135912
516,-1046,-0.1600612088752869
517,-1056,-0.16134453781512606
518,-1054,-0.1610881858474706
519,-1054,-0.1610881858474706
520,-1046,-0.1600612088752869
521,-1054,-0.1610881858474706
522,-1065,-0.1624961855355508
523,-1056,-0.16134453781512606
524,-1056,-0.16134453781512606
525,-1050,-0.16057501146964367
526,-1056,-0.16134453781512606
527,-1069,-0.16300701433363832
528,-1052,-0.1608316771135912
529,-1054,-0.1610881858474706
530,-1054,-0.1610881858474706
531,-1054,-0.1610881858474706
532,-1055,-0.1612163814180929
533,-1046,-0.1600612088752869
534,-1044,-0.15980407163630797
535,-1046,-0.1600612088752869
536,-1052,-0.1608316771135912
537,-1046,-0.1600612088752869
538,-1054,-0.1610881858474706
539,-1044,-0.15980407163630797
540,-1052,-0.1608316771135912
541,-1047,-0.16018971848225214
542,-1052,-0.1608316771135912
543,-1056,-0.16134453781512606
544,-1042,-0.15954677691012095
545,-1042,-0.15954677691012095
546,-1044,-0.15980407163630797
547,-1055,-0.1612163814180929
548,-1049,-0.16044661976139493
549,-1051,-0.1607033639143731
550,-1051,-0.1607033639143731
551,-1051,-0.1607033639143731
552,-1058,-0.16160073316022605
553,-1058,-0.16160073316022605
554,-1056,-0.16134453781512606
555,-1057,-0.16147265505652306
556,-1057,-0.16147265505652306
557,-1054,-0.1610881858474706
558,-1052,-0.1608316771135912
559,-1060,-0.16185677202626356
560,-1056,-0.16134453781512606
561,-1054,-0.1610881858474706
562,-1059,-0.16172877214416614
563,-1058,-0.16160073316022605
564,-1052,-0.1608316771135912
565,-1046,-0.1600612088752869
566,-1047,-0.16018971848225214
567,-1058,-0.16160073316022605
568,-1052,-0.1608316771135912
569,-1049,-0.16044661976139493
570,-1055,-0.1612163814180929
571,-1047,-0.16018971848225214
572,-1056,-0.16134453781512606
573,-1062,-0.16211265455655624
574,-1056,-0.16134453781512606
575,-1054,-0.1610881858474706
576,-1055,-0.1612163814180929
577,-1059,-0.16172877214416614
578,-1060,-0.16185677202626356
579,-1062,-0.16211265455655624
580,-1060,-0.16185677202626356
581,-1055,-0.1612163814180929
582,-1055,-0.1612163814180929
583,-1064,-0.1623683808942469
584,-1060,-0.16185677202626356
585,-1057,-0.16147265505652306
586,-1058,-0.16160073316022605
587,-1056,-0.16134453781512606
588,-1065,-0.1624961855355508
589,-1055,-0.1612163814180929
590,-1060,-0.16185677202626356
591,-1059,-0.16172877214416614
592,-1059,-0.16172877214416614
593,-1062,-0.16211265455655624
594,-1059,-0.16172877214416614
595,-1056,-0.16134453781512606
596,-1059,-0.16172877214416614
597,-1056,-0.16134453781512606
598,-1060,-0.16185677202626356
599,-1058,-0.16160073316022605
600,-761,-0.1886465047099653
601,-774,-0.19125277983691624
602,-764,-0.1892494426554372
603,-760,-0.18844532606000497
604,-766,-0.18965090368903195
605,-764,-0.1892494426554372
606,-760,-0.18844532606000497
607,-760,-0.18844532606000497
608,-760,-0.18844532606000497
609,-765,-0.18945022288261515
610,-769,-0.19025235032162297
611,-771,-0.19065281899109793
612,-765,-0.18945022288261515
613,-760,-0.18844532606000497
614,-762,-0.18884758364312268
615,-764,-0.1892494426554372
616,-758,-0.1880426693128256
617,-757,-0.1878411910669975
618,-760,-0.18844532606000497
619,-758,-0.1880426693128256
620,-762,-0.18884758364312268
621,-774,-0.19125277983691624
622,-757,-0.1878411910669975
623,-759,-0.18824404761904762
624,-754,-0.18723615594735535
625,-761,-0.1886465047099653
626,-757,-0.1878411910669975
627,-764,-0.1892494426554372
628,-762,-0.18884758364312268
629,-760,-0.18844532606000497
630,-760,-0.18844532606000497
631,-764,-0.1892494426554372
632,-761,-0.1886465047099653
633,-764,-0.1892494426554372
634,-763,-0.18904856293359762
635,-764,-0.1892494426554372
636,-760,-0.18844532606000497
637,-760,-0.18844532606000497
638,-755,-0.18743793445878848
639,-771,-0.19065281899109793
640,-757,-0.1878411910669975
641,-762,-0.18884758364312268
642,-756,-0.18763961280714817
643,-758,-0.1880426693128256
644,-759,-0.18824404761904762
645,-765,-0.18945022288261515
646,-764,-0.1892494426554372
647,-767,-0.18985148514851485
648,-774,-0.19125277983691624
649,-758,-0.1880426693128256
650,-755,-0.18743793445878848
651,-774,-0.19125277983691624
652,-777,-0.19185185185185186
653,-764,-0.1892494426554372
654,-757,-0.1878411910669975
655,-781,-0.19264923532313763
656,-763,-0.18904856293359762
657,-769,-0.19025235032162297
658,-764,-0.1892494426554372
659,-771,-0.19065281899109793
660,-758,-0.1880426693128256
661,-760,-0.18844532606000497
662,-755,-0.18743793445878848
663,-761,-0.1886465047099653
664,-764,-0.1892494426554372
665,-754,-0.18723615594735535
666,-770,-0.19045263418253772
667,-766,-0.18965090368903195
668,-757,-0.1878411910669975
669,-761,-0.1886465047099653
670,-760,-0.18844532606000497
671,-757,-0.1878411910669975
672,-759,-0.18824404761904762
673,-758,-0.1880426693128256
674,-764,-0.1892494426554372
675,-758,-0.1880426693128256
676,-764,-0.1892494426554372
677,-771,-0.19065281899109793
678,-756,-0.18763961280714817
679,-758,-0.1880426693128256
680,-759,-0.18824404761904762
681,-755,-0.18743793445878848
682,-759,-0.18824404761904762
683,-763,-0.18904856293359762
684,-761,-0.1886465047099653
685,-764,-0.1892494426554372
686,-764,-0.1892494426554372
687,-760,-0.18844532606000497
688,-760,-0.18844532606000497
689,-757,-0.1878411910669975
690,-762,-0.18884758364312268
691,-759,-0.18824404761904762
692,-756,-0.18763961280714817
693,-759,-0.18824404761904762
694,-761,-0.1886465047099653
695,-760,-0.18844532606000497
696,-759,-0.18824404761904762
697,-764,-0.1892494426554372
698,-757,-0.1878411910669975
699,-757,-0.1878411910669975
700,-760,-0.18844532606000497
701,-759,-0.18824404761904762
702,-758,-0.1880426693128256
703,-759,-0.18824404761904762
704,-760,-0.18844532606000497
705,-760,-0.18844532606000497
706,-757,-0.1878411910669975
707,-764,-0.1892494426554372
708,-755,-0.18743793445878848
709,-755,-0.18743793445878848
710,-756,-0.18763961280714817
711,-756,-0.18763961280714817
712,-756,-0.18763961280714817
713,-766,-0.18965090368903195
714,-763,-0.18904856293359762
715,-760,-0.18844532606000497
716,-755,-0.18743793445878848
717,-755,-0.18743793445878848
718,-764,-0.1892494426554372
719,-755,-0.18743793445878848
720,-276,-0.16331360946745563
721,-276,-0.16331360946745563
722,-276,-0.16331360946745563
723,-277,-0.16380839739798936
724,-277,-0.16380839739798936
725,-277,-0.16380839739798936
726,-276,-0.16331360946745563
727,-276,-0.16331360946745563
728,-275,-0.16281823564239195
729,-276,-0.16331360946745563
730,-276,-0.16331360946745563
731,-276,-0.16331360946745563
732,-276,-0.16331360946745563
733,-276,-0.16331360946745563
734,-277,-0.16380839739798936
735,-275,-0.16281823564239195
736,-275,-0.16281823564239195
737,-276,-0.16331360946745563
738,-276,-0.16331360946745563
739,-277,-0.16380839739798936
740,-276,-0.16331360946745563
741,-276,-0.16331360946745563
742,-277,-0.16380839739798936
743,-276,-0.16331360946745563
744,-276,-0.16331360946745563
745,-276,-0.16331360946745563
746,-276,-0.16331360946745563
747,-276,-0.16331360946745563
748,-276,-0.16331360946745563
749,-276,-0.16331360946745563
750,-276,-0.16331360946745563
751,-276,-0.16331360946745563
752,-276,-0.16331360946745563
753,-292,-0.17116060961313012
754,-276,-0.16331360946745563
755,-277,-0.16380839739798936
756,-275,-0.16281823564239195
757,-276,-0.16331360946745563
758,-276,-0.16331360946745563
759,-276,-0.16331360946745563
760,-277,-0.16380839739798936
761,-275,-0.16281823564239195
762,-276,-0.16331360946745563
763,-276,-0.16331360946745563
764,-275,-0.16281823564239195
765,-275,-0.16281823564239195
766,-277,-0.16380839739798936
767,-275,-0.16281823564239195
768,-276,-0.16331360946745563
769,-277,-0.16380839739798936
770,-276,-0.16331360946745563
771,-276,-0.16331360946745563
772,-276,-0.16331360946745563
773,-277,-0.16380839739798936
774,-276,-0.16331360946745563
775,-277,-0.16380839739798936
776,-276,-0.16331360946745563
777,-276,-0.16331360946745563
778,-276,-0.16331360946745563
779,-277,-0.16380839739798936
780,-276,-0.16331360946745563
781,-276,-0.16331360946745563
782,-276,-0.16331360946745563
783,-276,-0.16331360946745563
784,-277,-0.16380839739798936
785,-292,-0.17116060961313012
786,-277,-0.16380839739798936
787,-276,-0.16331360946745563
788,-276,-0.16331360946745563
789,-276,-0.16331360946745563
790,-275,-0.16281823564239195
791,-277,-0.16380839739798936
792,-275,-0.16281823564239195
793,-277,-0.16380839739798936
794,-276,-0.16331360946745563
795,-276,-0.16331360946745563
796,-277,-0.16380839739798936
797,-276,-0.16331360946745563
798,-275,-0.16281823564239195
799,-275,-0.16281823564239195
800,-276,-0.16331360946745563
801,-276,-0.16331360946745563
802,-276,-0.16331360946745563
803,-275,-0.16281823564239195
804,-276,-0.16331360946745563
805,-275,-0.16281823564239195
806,-276,-0.16331360946745563
807,-275,-0.16281823564239195
808,-276,-0.16331360946745563
809,-276,-0.16331360946745563
810,-276,-0.16331360946745563
811,-275,-0.16281823564239195
812,-275,-0.16281823564239195
813,-276,-0.16331360946745563
814,-275,-0.16281823564239195
815,-276,-0.16331360946745563
816,-276,-0.16331360946745563
817,-276,-0.16331360946745563
818,-276,-0.16331360946745563
819,-275,-0.16281823564239195
820,-276,-0.16331360946745563
821,-275,-0.16281823564239195
822,-276,-0.16331360946745563
823,-276,-0.16331360946745563
824,-276,-0.16331360946745563
825,-276,-0.16331360946745563
826,-276,-0.16331360946745563
827,-275,-0.16281823564239195
828,-276,-0.16331360946745563
829,-276,-0.16331360946745563
830,-276,-0.16331360946745563
831,-276,-0.16331360946745563
832,-276,-0.16331360946745563
833,-276,-0.16331360946745563
834,-276,-0.16331360946745563
835,-276,-0.16331360946745563
836,-277,-0.16380839739798936
837,-275,-0.16281823564239195
838,-276,-0.16331360946745563
839,-276,-0.16331360946745563
840,-564,-0.15052041633306645
841,-561,-0.14983974358974358
842,-565,-0.1507470651013874
843,-564,-0.15052041633306645
844,-564,-0.15052041633306645
845,-564,-0.15052041633306645
846,-564,-0.15052041633306645
847,-564,-0.15052041633306645
848,-563,-0.15029364655632674
849,-562,-0.1500667556742323
850,-564,-0.15052041633306645
851,-566,-0.15097359295812215
852,-568,-0.15142628632364702
853,-565,-0.1507470651013874
854,-564,-0.15052041633306645
855,-561,-0.14983974358974358
856,-563,-0.15029364655632674
857,-567,-0.1512
858,-562,-0.1500667556742323
859,-562,-0.1500667556742323
860,-566,-0.15097359295812215
861,-564,-0.15052041633306645
862,-561,-0.14983974358974358
863,-565,-0.1507470651013874
864,-561,-0.14983974358974358
865,-564,-0.15052041633306645
866,-562,-0.1500667556742323
867,-566,-0.15097359295812215
868,-565,-0.1507470651013874
869,-564,-0.15052041633306645
870,-564,-0.15052041633306645
871,-563,-0.15029364655632674
872,-565,-0.1507470651013874
873,-563,-0.15029364655632674
874,-565,-0.1507470651013874
875,-564,-0.15052041633306645
876,-562,-0.1500667556742323
877,-565,-0.1507470651013874
878,-566,-0.15097359295812215
879,-564,-0.15052041633306645
880,-564,-0.15052041633306645
881,-564,-0.15052041633306645
882,-563,-0.15029364655632674
883,-564,-0.15052041633306645
884,-563,-0.15029364655632674
885,-563,-0.15029364655632674
886,-563,-0.15029364655632674
887,-565,-0.1507470651013874
888,-562,-0.1500667556742323
889,-561,-0.14983974358974358
890,-566,-0.15097359295812215
891,-566,-0.15097359295812215
892,-567,-0.1512
893,-563,-0.15029364655632674
894,-564,-0.15052041633306645
895,-566,-0.15097359295812215
896,-565,-0.1507470651013874
897,-562,-0.1500667556742323
898,-563,-0.15029364655632674
899,-562,-0.1500667556742323
900,-564,-0.15052041633306645
901,-561,-0.14983974358974358
902,-566,-0.15097359295812215
903,-565,-0.1507470651013874
904,-562,-0.1500667556742323
905,-565,-0.1507470651013874
906,-563,-0.15029364655632674
907,-566,-0.15097359295812215
908,-561,-0.14983974358974358
909,-564,-0.15052041633306645
910,-568,-0.15142628632364702
911,-566,-0.15097359295812215
912,-561,-0.14983974358974358
913,-562,-0.1500667556742323
914,-563,-0.15029364655632674
915,-563,-0.15029364655632674
916,-564,-0.15052041633306645
917,-561,-0.14983974358974358
918,-565,-0.1507470651013874
919,-566,-0.15097359295812215
920,-563,-0.15029364655632674
921,-563,-0.15029364655632674
922,-561,-0.14983974358974358
923,-563,-0.15029364655632674
924,-563,-0.15029364655632674
925,-565,-0.1507470651013874
926,-563,-0.15029364655632674
927,-565,-0.1507470651013874
928,-565,-0.1507470651013874
929,-563,-0.15029364655632674
930,-563,-0.15029364655632674
931,-564,-0.15052041633306645
932,-566,-0.15097359295812215
933,-563,-0.15029364655632674
934,-563,-0.15029364655632674
935,-564,-0.15052041633306645
936,-561,-0.14983974358974358
937,-566,-0.15097359295812215
938,-564,-0.15052041633306645
939,-564,-0.15052041633306645
940,-566,-0.15097359295812215
941,-563,-0.15029364655632674
942,-561,-0.14983974358974358
943,-564,-0.15052041633306645
944,-563,-0.15029364655632674
945,-566,-0.15097359295812215
946,-561,-0.14983974358974358
947,-566,-0.15097359295812215
948,-566,-0.15097359295812215
949,-563,-0.15029364655632674
950,-568,-0.15142628632364702
951,-562,-0.1500667556742323
952,-562,-0.1500667556742323
953,-561,-0.14983974358974358
954,-562,-0.1500667556742323
955,-562,-0.1500667556742323
956,-567,-0.1512
957,-563,-0.15029364655632674
958,-564,-0.15052041633306645
959,-564,-0.15052041633306645
960,-649,-0.22534722222222223
961,-649,-0.22534722222222223
962,-653,-0.22642163661581138
963,-631,-0.22047519217330538
964,-649,-0.22534722222222223
965,-647,-0.22480889506601806
966,-648,-0.2250781521361584
967,-658,-0.22776047075112496
968,-650,-0.22561610551891703
969,-649,-0.22534722222222223
970,-657,-0.22749307479224376
971,-649,-0.22534722222222223
972,-649,-0.22534722222222223
973,-643,-0.22372999304105776
974,-644,-0.224
975,-649,-0.22534722222222223
976,-648,-0.2250781521361584
977,-630,-0.22020272631946872
978,-634,-0.22129144851657942
979,-647,-0.22480889506601806
980,-649,-0.22534722222222223
981,-644,-0.224
982,-649,-0.22534722222222223
983,-648,-0.2250781521361584
984,-626,-0.21911095554777738
985,-637,-0.22210599721059973
986,-648,-0.2250781521361584
987,-648,-0.2250781521361584
988,-621,-0.21774193548387097
989,-627,-0.21938418474457663
990,-649,-0.22534722222222223
991,-634,-0.22129144851657942
992,-631,-0.22047519217330538
993,-649,-0.22534722222222223
994,-641,-0.22318941504178272
995,-628,-0.21965722280517663
996,-631,-0.22047519217330538
997,-621,-0.21774193548387097
998,-621,-0.21774193548387097
999,-634,-0.22129144851657942
1000,-621,-0.21774193548387097
1001,-623,-0.21829011913104415
1002,-621,-0.21774193548387097
1003,-629,-0.21993006993006994
1004,-621,-0.21774193548387097
1005,-622,-0.21801612337889942
1006,-624,-0.21856392294220667
1007,-644,-0.224
1008,-623,-0.21829011913104415
1009,-621,-0.21774193548387097
1010,-629,-0.21993006993006994
1011,-621,-0.21774193548387097
1012,-628,-0.21965722280517663
1013,-626,-0.21911095554777738
1014,-634,-0.22129144851657942
1015,-621,-0.21774193548387097
1016,-634,-0.22129144851657942
1017,-624,-0.21856392294220667
1018,-621,-0.21774193548387097
1019,-634,-0.22129144851657942
1020,-620,-0.21746755524377412
1021,-621,-0.21774193548387097
1022,-621,-0.21774193548387097
1023,-624,-0.21856392294220667
1024,-621,-0.21774193548387097
1025,-634,-0.22129144851657942
1026,-627,-0.21938418474457663
1027,-621,-0.21774193548387097
1028,-621,-0.21774193548387097
1029,-621,-0.21774193548387097
1030,-621,-0.21774193548387097
1031,-622,-0.21801612337889942
1032,-635,-0.22156315422191208
1033,-621,-0.21774193548387097
1034,-621,-0.21774193548387097
1035,-621,-0.21774193548387097
1036,-627,-0.21938418474457663
1037,-622,-0.21801612337889942
1038,-621,-0.21774193548387097
1039,-621,-0.21774193548387097
1040,-622,-0.21801612337889942
1041,-634,-0.22129144851657942
1042,-624,-0.21856392294220667
1043,-621,-0.21774193548387097
1044,-621,-0.21774193548387097
1045,-621,-0.21774193548387097
1046,-622,-0.21801612337889942
1047,-621,-0.21774193548387097
1048,-621,-0.21774193548387097
1049,-621,-0.21774193548387097
1050,-621,-0.21774193548387097
1051,-616,-0.21636810677906568
1052,-621,-0.21774193548387097
1053,-634,-0.22129144851657942
1054,-619,-0.21719298245614035
1055,-624,-0.21856392294220667
1056,-621,-0.21774193548387097
1057,-619,-0.21719298245614035
1058,-621,-0.21774193548387097
1059,-621,-0.21774193548387097
1060,-619,-0.21719298245614035
1061,-621,-0.21774193548387097
1062,-619,-0.21719298245614035
1063,-621,-0.21774193548387097
1064,-621,-0.21774193548387097
1065,-621,-0.21774193548387097
1066,-621,-0.21774193548387097
1067,-621,-0.21774193548387097
1068,-621,-0.21774193548387097
1069,-621,-0.21774193548387097
1070,-621,-0.21774193548387097
1071,-621,-0.21774193548387097
1072,-621,-0.21774193548387097
1073,-621,-0.21774193548387097
1074,-615,-0.21609276177090653
1075,-621,-0.21774193548387097
1076,-621,-0.21774193548387097
1077,-621,-0.21774193548387097
1078,-621,-0.21774193548387097
1079,-621,-0.21774193548387097
1080,-1388,-0.2693053938688397
1081,-1399,-0.27086156824782187
1082,-1388,-0.2693053938688397
1083,-1399,-0.27086156824782187
1084,-1400,-0.27100271002710025
1085,-1399,-0.27086156824782187
1086,-1396,-0.2704378148004649
1087,-1388,-0.2693053938688397
1088,-1392,-0.26987204342768517
1089,-1400,-0.27100271002710025
1090,-1399,-0.27086156824782187
1091,-1403,-0.2714258076997485
1092,-1388,-0.2693053938688397
1093,-1399,-0.27086156824782187
1094,-1399,-0.27086156824782187
1095,-1388,-0.2693053938688397
1096,-1403,-0.2714258076997485
1097,-1400,-0.27100271002710025
1098,-1399,-0.27086156824782187
1099,-1394,-0.27015503875968994
1100,-1392,-0.26987204342768517
1101,-1388,-0.2693053938688397
1102,-1403,-0.2714258076997485
1103,-1399,-0.27086156824782187
1104,-1392,-0.26987204342768517
1105,-1393,-0.2700135685210312
1106,-1396,-0.2704378148004649
1107,-1388,-0.2693053938688397
1108,-1399,-0.27086156824782187
1109,-1399,-0.27086156824782187
1110,-1396,-0.2704378148004649
1111,-1399,-0.27086156824782187
1112,-1396,-0.2704378148004649
1113,-1388,-0.2693053938688397
1114,-1392,-0.26987204342768517
1115,-1396,-0.2704378148004649
1116,-1388,-0.2693053938688397
1117,-1393,-0.2700135685210312
1118,-1398,-0.27072037180480246
1119,-1396,-0.2704378148004649
1120,-1388,-0.2693053938688397
1121,-1388,-0.2693053938688397
1122,-1396,-0.2704378148004649
1123,-1388,-0.2693053938688397
1124,-1399,-0.27086156824782187
1125,-1388,-0.2693053938688397
1126,-1395,-0.2702964541755474
1127,-1388,-0.2693053938688397
1128,-1389,-0.26944713870029097
1129,-1388,-0.2693053938688397
1130,-1388,-0.2693053938688397
1131,-1388,-0.2693053938688397
1132,-1390,-0.26958882854926297
1133,-1388,-0.2693053938688397
1134,-1388,-0.2693053938688397
1135,-1395,-0.2702964541755474
1136,-1399,-0.27086156824782187
1137,-1388,-0.2693053938688397
1138,-1388,-0.2693053938688397
1139,-1388,-0.2693053938688397
1140,-1388,-0.2693053938688397
1141,-1388,-0.2693053938688397
1142,-1388,-0.2693053938688397
1143,-1388,-0.2693053938688397
1144,-1388,-0.2693053938688397
1145,-1396,-0.2704378148004649
1146,-1388,-0.2693053938688397
1147,-1388,-0.2693053938688397
1148,-1388,-0.2693053938688397
1149,-1388,-0.2693053938688397
1150,-1388,-0.2693053938688397
1151,-1388,-0.2693053938688397
1152,-1388,-0.2693053938688397
1153,-1388,-0.2693053938688397
1154,-1388,-0.2693053938688397
1155,-1388,-0.2693053938688397
1156,-1388,-0.2693053938688397
1157,-1388,-0.2693053938688397
1158,-1388,-0.2693053938688397
1159,-1388,-0.2693053938688397
1160,-1388,-0.2693053938688397
1161,-1388,-0.2693053938688397
1162,-1388,-0.2693053938688397
1163,-1388,-0.2693053938688397
1164,-1388,-0.2693053938688397
1165,-1388,-0.2693053938688397
1166,-1388,-0.2693053938688397
1167,-1388,-0.2693053938688397
1168,-1388,-0.2693053938688397
1169,-1388,-0.2693053938688397
1170,-1388,-0.2693053938688397
1171,-1388,-0.2693053938688397
1172,-1388,-0.2693053938688397
1173,-1388,-0.2693053938688397
1174,-1388,-0.2693053938688397
1175,-1388,-0.2693053938688397
1176,-1388,-0.2693053938688397
1177,-1388,-0.2693053938688397
1178,-1388,-0.2693053938688397
1179,-1388,-0.2693053938688397
1180,-1388,-0.2693053938688397
1181,-1388,-0.2693053938688397
1182,-1388,-0.2693053938688397
1183,-1388,-0.2693053938688397
1184,-1388,-0.2693053938688397
1185,-1388,-0.2693053938688397
1186,-1388,-0.2693053938688397
1187,-1388,-0.2693053938688397
1188,-1388,-0.2693053938688397
1189,-1388,-0.2693053938688397
1190,-1388,-0.2693053938688397
1191,-1388,-0.2693053938688397
1192,-1388,-0.2693053938688397
1193,-1388,-0.2693053938688397
1194,-1388,-0.2693053938688397
1195,-1388,-0.2693053938688397
1196,-1388,-0.2693053938688397
1197,-1388,-0.2693053938688397
1198,-1388,-0.2693053938688397
1199,-1388,-0.2693053938688397
1200,-911,-0.14927085040144192
1201,-912,-0.14941022280471822
1202,-920,-0.1505235602094241
1203,-915,-0.14982806615359423
1204,-912,-0.14941022280471822
1205,-910,-0.14913143231727302
1206,-920,-0.1505235602094241
1207,-908,-0.14885245901639343
1208,-911,-0.14927085040144192
1209,-912,-0.14941022280471822
1210,-919,-0.1503845524464081
1211,-911,-0.14927085040144192
1212,-919,-0.1503845524464081
1213,-909,-0.14899196852974922
1214,-920,-0.1505235602094241
1215,-920,-0.1505235602094241
1216,-910,-0.14913143231727302
1217,-924,-0.1510791366906475
1218,-919,-0.1503845524464081
1219,-915,-0.14982806615359423
1220,-913,-0.14954954954954955
1221,-912,-0.14941022280471822
1222,-920,-0.1505235602094241
1223,-921,-0.1506625224930476
1224,-925,-0.1512179172797123
1225,-916,-0.14996725605762934
1226,-911,-0.14927085040144192
1227,-917,-0.150106400392863
1228,-914,-0.14968883065836883
1229,-913,-0.14954954954954955
1230,-912,-0.14941022280471822
1231,-910,-0.14913143231727302
1232,-908,-0.14885245901639343
1233,-914,-0.14968883065836883
1234,-915,-0.14982806615359423
1235,-917,-0.150106400392863
1236,-924,-0.1510791366906475
1237,-929,-0.15177258617872896
1238,-926,-0.15135665250081726
1239,-924,-0.1510791366906475
1240,-918,-0.1502454991816694
1241,-928,-0.15163398692810456
1242,-922,-0.15080143931959436
1243,-923,-0.1509403107113655
1244,-922,-0.15080143931959436
1245,-929,-0.15177258617872896
1246,-925,-0.1512179172797123
1247,-918,-0.1502454991816694
1248,-928,-0.15163398692810456
1249,-923,-0.1509403107113655
1250,-923,-0.1509403107113655
1251,-922,-0.15080143931959436
1252,-928,-0.15163398692810456
1253,-926,-0.15135665250081726
1254,-911,-0.14927085040144192
1255,-922,-0.15080143931959436
1256,-927,-0.15149534237620527
1257,-929,-0.15177258617872896
1258,-921,-0.1506625224930476
1259,-922,-0.15080143931959436
1260,-918,-0.1502454991816694
1261,-923,-0.1509403107113655
1262,-921,-0.1506625224930476
1263,-924,-0.1510791366906475
1264,-925,-0.1512179172797123
1265,-924,-0.1510791366906475
1266,-921,-0.1506625224930476
1267,-919,-0.1503845524464081
1268,-927,-0.15149534237620527
1269,-926,-0.15135665250081726
1270,-913,-0.14954954954954955
1271,-922,-0.15080143931959436
1272,-926,-0.15135665250081726
1273,-922,-0.15080143931959436
1274,-916,-0.14996725605762934
1275,-920,-0.1505235602094241
1276,-925,-0.1512179172797123
1277,-919,-0.1503845524464081
1278,-921,-0.1506625224930476
1279,-921,-0.1506625224930476
1280,-919,-0.1503845524464081
1281,-923,-0.1509403107113655
1282,-918,-0.1502454991816694
1283,-921,-0.1506625224930476
1284,-923,-0.1509403107113655
1285,-923,-0.1509403107113655
1286,-926,-0.15135665250081726
1287,-922,-0.15080143931959436
1288,-921,-0.1506625224930476
1289,-923,-0.1509403107113655
1290,-922,-0.15080143931959436
1291,-923,-0.1509403107113655
1292,-927,-0.15149534237620527
1293,-923,-0.1509403107113655
1294,-920,-0.1505235602094241
1295,-921,-0.1506625224930476
1296,-917,-0.150106400392863
1297,-918,-0.1502454991816694
1298,-919,-0.1503845524464081
1299,-919,-0.1503845524464081
1300,-915,-0.14982806615359423
1301,-923,-0.1509403107113655
1302,-917,-0.150106400392863
1303,-916,-0.14996725605762934
1304,-920,-0.1505235602094241
1305,-914,-0.14968883065836883
1306,-929,-0.15177258617872896
1307,-922,-0.15080143931959436
1308,-913,-0.14954954954954955
1309,-917,-0.150106400392863
1310,-922,-0.15080143931959436
1311,-924,-0.1510791366906475
1312,-921,-0.1506625224930476
1313,-919,-0.1503845524464081
1314,-921,-0.1506625224930476
1315,-917,-0.150106400392863
1316,-916,-0.14996725605762934
1317,-921,-0.1506625224930476
1318,-914,-0.14968883065836883
1319,-921,-0.1506625224930476
1320,-1219,-0.18295062284256342
1321,-1219,-0.18295062284256342
1322,-1220,-0.18307322929171668
1323,-1225,-0.18368571000149947
1324,-1226,-0.183808095952024
1325,-1221,-0.18319579894973742
1326,-1221,-0.18319579894973742
1327,-1235,-0.1849079203473574
1328,-1218,-0.18282797958571
1329,-1213,-0.1822142106053778
1330,-1234,-0.18478586403114705
1331,-1233,-0.1846637711547102
1332,-1219,-0.18295062284256342
1333,-1219,-0.18295062284256342
1334,-1240,-0.1855176540993417
1335,-1208,-0.18159951894167167
1336,-1226,-0.183808095952024
1337,-1234,-0.18478586403114705
1338,-1226,-0.183808095952024
1339,-1228,-0.18405275779376498
1340,-1219,-0.18295062284256342
1341,-1219,-0.18295062284256342
1342,-1230,-0.18429727299970033
1343,-1224,-0.1835632873425315
1344,-1227,-0.1839304452106131
1345,-1221,-0.18319579894973742
1346,-1217,-0.1827052995045789
1347,-1230,-0.18429727299970033
1348,-1225,-0.18368571000149947
1349,-1220,-0.18307322929171668
1350,-1219,-0.18295062284256342
1351,-1245,-0.18612647630438034
1352,-1236,-0.18502994011976048
1353,-1215,-0.18245982880312359
1354,-1222,-0.18331833183318333
1355,-1236,-0.18502994011976048
1356,-1230,-0.18429727299970033
1357,-1225,-0.18368571000149947
1358,-1245,-0.18612647630438034
1359,-1230,-0.18429727299970033
1360,-1225,-0.18368571000149947
1361,-1235,-0.1849079203473574
1362,-1231,-0.1844194756554307
1363,-1220,-0.18307322929171668
1364,-1237,-0.18515192336476574
1365,-1228,-0.18405275779376498
1366,-1222,-0.18331833183318333
1367,-1233,-0.1846637711547102
1368,-1219,-0.18295062284256342
1369,-1214,-0.18233703814959448
1370,-1215,-0.18245982880312359
1371,-1227,-0.1839304452106131
1372,-1212,-0.18209134615384615
1373,-1227,-0.1839304452106131
1374,-1225,-0.18368571000149947
1375,-1226,-0.183808095952024
1376,-1219,-0.18295062284256342
1377,-1233,-0.1846637711547102
1378,-1225,-0.18368571000149947
1379,-1227,-0.1839304452106131
1380,-1225,-0.18368571000149947
1381,-1225,-0.18368571000149947
1382,-1215,-0.18245982880312359
1383,-1204,-0.18110709987966306
1384,-1221,-0.18319579894973742
1385,-1219,-0.18295062284256342
1386,-1214,-0.18233703814959448
1387,-1219,-0.18295062284256342
1388,-1223,-0.18344082795860206
1389,-1205,-0.18123026018950217
1390,-1219,-0.18295062284256342
1391,-1215,-0.18245982880312359
1392,-1210,-0.18184550646227832
1393,-1225,-0.18368571000149947
1394,-1216,-0.1825825825825826
1395,-1223,-0.18344082795860206
1396,-1220,-0.18307322929171668
1397,-1225,-0.18368571000149947
1398,-1218,-0.18282797958571
1399,-1219,-0.18295062284256342
1400,-1219,-0.18295062284256342
1401,-1218,-0.18282797958571
1402,-1222,-0.18331833183318333
1403,-1224,-0.1835632873425315
1404,-1220,-0.18307322929171668
1405,-1229,-0.18417503371796792
1406,-1226,-0.183808095952024
1407,-1215,-0.18245982880312359
1408,-1224,-0.1835632873425315
1409,-1211,-0.18196844477836213
1410,-1223,-0.18344082795860206
1411,-1216,-0.1825825825825826
1412,-1215,-0.18245982880312359
1413,-1234,-0.18478586403114705
1414,-1227,-0.1839304452106131
1415,-1223,-0.18344082795860206
1416,-1205,-0.18123026018950217
1417,-1224,-0.1835632873425315
1418,-1222,-0.18331833183318333
1419,-1220,-0.18307322929171668
1420,-1212,-0.18209134615384615
1421,-1217,-0.1827052995045789
1422,-1215,-0.18245982880312359
1423,-1207,-0.18147646970380393
1424,-1213,-0.1822142106053778
1425,-1234,-0.18478586403114705
1426,-1207,-0.18147646970380393
1427,-1221,-0.18319579894973742
1428,-1203,-0.18098390251241162
1429,-1227,-0.1839304452106131
1430,-1223,-0.18344082795860206
1431,-1227,-0.1839304452106131
1432,-1211,-0.18196844477836213
1433,-1212,-0.18209134615384615
1434,-1221,-0.18319579894973742
1435,-1207,-0.18147646970380393
1436,-1230,-0.18429727299970033
1437,-1208,-0.18159951894167167
1438,-1202,-0.18086066807102016
1439,-1204,-0.18110709987966306
1440,-294,-0.11893203883495146
1441,-297,-0.12
1442,-292,-0.11821862348178137
1443,-287,-0.11643002028397566
1444,-290,-0.11750405186385737
1445,-287,-0.11643002028397566
1446,-290,-0.11750405186385737
1447,-294,-0.11893203883495146
1448,-294,-0.11893203883495146
1449,-294,-0.11893203883495146
1450,-294,-0.11893203883495146
1451,-292,-0.11821862348178137
1452,-295,-0.11928831378892034
1453,-294,-0.11893203883495146
1454,-295,-0.11928831378892034
1455,-294,-0.11893203883495146
1456,-295,-0.11928831378892034
1457,-298,-0.12035541195476575
1458,-296,-0.1196443007275667
1459,-290,-0.11750405186385737
1460,-294,-0.11893203883495146
1461,-288,-0.11678832116788321
1462,-297,-0.12
1463,-292,-0.11821862348178137
1464,-290,-0.11750405186385737
1465,-297,-0.12
1466,-297,-0.12
1467,-294,-0.11893203883495146
1468,-298,-0.12035541195476575
1469,-290,-0.11750405186385737
1470,-290,-0.11750405186385737
1471,-302,-0.1217741935483871
1472,-297,-0.12
1473,-287,-0.11643002028397566
1474,-299,-0.12071053693984658
1475,-294,-0.11893203883495146
1476,-289,-0.11714633157681395
1477,-294,-0.11893203883495146
1478,-290,-0.11750405186385737
1479,-297,-0.12
1480,-292,-0.11821862348178137
1481,-295,-0.11928831378892034
1482,-293,-0.11857547551598543
1483,-294,-0.11893203883495146
1484,-295,-0.11928831378892034
1485,-298,-0.12035541195476575
1486,-292,-0.11821862348178137
1487,-287,-0.11643002028397566
1488,-295,-0.11928831378892034
1489,-295,-0.11928831378892034
1490,-294,-0.11893203883495146
1491,-297,-0.12
1492,-295,-0.11928831378892034
1493,-294,-0.11893203883495146
1494,-292,-0.11821862348178137
1495,-298,-0.12035541195476575
1496,-298,-0.12035541195476575
1497,-294,-0.11893203883495146
1498,-293,-0.11857547551598543
1499,-290,-0.11750405186385737
1500,-290,-0.11750405186385737
1501,-290,-0.11750405186385737
1502,-294,-0.11893203883495146
1503,-292,-0.11821862348178137
1504,-289,-0.11714633157681395
1505,-292,-0.11821862348178137
1506,-294,-0.11893203883495146
1507,-287,-0.11643002028397566
1508,-290,-0.11750405186385737
1509,-294,-0.11893203883495146
1510,-287,-0.11643002028397566
1511,-297,-0.12
1512,-292,-0.11821862348178137
1513,-293,-0.11857547551598543
1514,-294,-0.11893203883495146
1515,-290,-0.11750405186385737
1516,-287,-0.11643002028397566
1517,-294,-0.11893203883495146
1518,-287,-0.11643002028397566
1519,-290,-0.11750405186385737
1520,-294,-0.11893203883495146
1521,-291,-0.11786148238153099
1522,-297,-0.12
1523,-295,-0.11928831378892034
1524,-287,-0.11643002028397566
1525,-297,-0.12
1526,-290,-0.11750405186385737
1527,-290,-0.11750405186385737
1528,-287,-0.11643002028397566
1529,-296,-0.1196443007275667
1530,-297,-0.12
1531,-287,-0.11643002028397566
1532,-294,-0.11893203883495146
1533,-290,-0.11750405186385737
1534,-289,-0.11714633157681395
1535,-292,-0.11821862348178137
1536,-292,-0.11821862348178137
1537,-289,-0.11714633157681395
1538,-296,-0.1196443007275667
1539,-290,-0.11750405186385737
1540,-290,-0.11750405186385737
1541,-287,-0.11643002028397566
1542,-291,-0.11786148238153099
1543,-290,-0.11750405186385737
1544,-295,-0.11928831378892034
1545,-294,-0.11893203883495146
1546,-289,-0.11714633157681395
1547,-294,-0.11893203883495146
1548,-297,-0.12
1549,-293,-0.11857547551598543
1550,-295,-0.11928831378892034
1551,-289,-0.11714633157681395
1552,-294,-0.11893203883495146
1553,-287,-0.11643002028397566
1554,-290,-0.11750405186385737
1555,-288,-0.11678832116788321
1556,-294,-0.11893203883495146
1557,-287,-0.11643002028397566
1558,-289,-0.11714633157681395
1559,-294,-0.11893203883495146
1560,-630,-0.18828451882845187
1561,-625,-0.18706973959892248
1562,-626,-0.18731298623578696
1563,-612,-0.18389423076923078
1564,-603,-0.1816812292859295
1565,-617,-0.1851185118511851
1566,-615,-0.18462924046832782
1567,-624,-0.18682634730538922
1568,-616,-0.18487394957983194
1569,-608,-0.1829121540312876
1570,-612,-0.18389423076923078
1571,-616,-0.18487394957983194
1572,-610,-0.18340348767288034
1573,-615,-0.18462924046832782
1574,-620,-0.18585131894484413
1575,-608,-0.1829121540312876
1576,-596,-0.17995169082125603
1577,-601,-0.18118782031956587
1578,-606,-0.18242022877784467
1579,-613,-0.18413938119555423
1580,-604,-0.1819277108433735
1581,-614,-0.1843843843843844
1582,-609,-0.1831578947368421
1583,-608,-0.1829121540312876
1584,-600,-0.18094089264173704
1585,-606,-0.18242022877784467
1586,-588,-0.17796610169491525
1587,-593,-0.1792082200060441
1588,-595,-0.17970401691331925
1589,-598,-0.18044659022329512
1590,-575,-0.17471893041628683
1591,-601,-0.18118782031956587
1592,-602,-0.18143459915611815
1593,-598,-0.18044659022329512
1594,-598,-0.18044659022329512
1595,-609,-0.1831578947368421
1596,-587,-0.17771722676354829
1597,-588,-0.17796610169491525
1598,-590,-0.17846339987900786
1599,-578,-0.17547055251973284
1600,-591,-0.1787118234048987
1601,-593,-0.1792082200060441
1602,-592,-0.17896009673518742
1603,-589,-0.17821482602118002
1604,-596,-0.17995169082125603
1605,-579,-0.1757207890743551
1606,-587,-0.17771722676354829
1607,-598,-0.18044659022329512
1608,-584,-0.17696969696969697
1609,-586,-0.17746820109024833
1610,-581,-0.1762208067940552
1611,-599,-0.18069381598793363
1612,-585,-0.17721902453801877
1613,-588,-0.17796610169491525
1614,-587,-0.17771722676354829
1615,-590,-0.17846339987900786
1616,-598,-0.18044659022329512
1617,-591,-0.1787118234048987
1618,-583,-0.17672021824795392
1619,-587,-0.17771722676354829
1620,-568,-0.17295980511571254
1621,-563,-0.17169868862458065
1622,-570,-0.17346317711503348
1623,-582,-0.17647058823529413
1624,-571,-0.17371463340432006
1625,-570,-0.17346317711503348
1626,-580,-0.17597087378640777
1627,-586,-0.17746820109024833
1628,-558,-0.1704337202199145
1629,-567,-0.17270788912579957
1630,-590,-0.17846339987900786
1631,-583,-0.17672021824795392
1632,-555,-0.16967288291042495
1633,-559,-0.17068702290076335
1634,-555,-0.16967288291042495
1635,-550,-0.16840171463563994
1636,-563,-0.17169868862458065
1637,-557,-0.17018026275588147
1638,-563,-0.17169868862458065
1639,-561,-0.17119316447970706
1640,-557,-0.17018026275588147
1641,-549,-0.16814701378254213
1642,-552,-0.1689106487148103
1643,-562,-0.17144600366076876
1644,-541,-0.16610377648142463
1645,-536,-0.16482164821648215
1646,-557,-0.17018026275588147
1647,-543,-0.16661552623504142
1648,-551,-0.16865625956535046
1649,-552,-0.1689106487148103
1650,-556,-0.16992665036674817
1651,-549,-0.16814701378254213
1652,-546,-0.16738197424892703
1653,-554,-0.1694189602446483
1654,-549,-0.16814701378254213
1655,-545,-0.16712664826740264
1656,-515,-0.15939337666357165
1657,-525,-0.16198704103671707
1658,-530,-0.16327788046826863
1659,-527,-0.16250385445575086
1660,-527,-0.16250385445575086
1661,-529,-0.163020030816641
1662,-535,-0.16456474930790527
1663,-515,-0.15939337666357165
1664,-522,-0.1612106238418777
1665,-537,-0.1650783891792192
1666,-520,-0.16069221260815822
1667,-534,-0.16430769230769232
1668,-517,-0.1599133931333127
1669,-515,-0.15939337666357165
1670,-520,-0.16069221260815822
1671,-520,-0.16069221260815822
1672,-527,-0.16250385445575086
1673,-526,-0.16224552745219
1674,-518,-0.16017316017316016
1675,-520,-0.16069221260815822
1676,-523,-0.1614695893794381
1677,-527,-0.16250385445575086
1678,-523,-0.1614695893794381
1679,-529,-0.163020030816641
1680,-1554,-0.22193658954584405
1681,-1550,-0.2214918548156616
1682,-1555,-0.22204769384549478
1683,-1552,-0.22171428571428572
1684,-1550,-0.2214918548156616
1685,-1550,-0.2214918548156616
1686,-1552,-0.22171428571428572
1687,-1552,-0.22171428571428572
1688,-1551,-0.22160308615516502
1689,-1550,-0.2214918548156616
1690,-1548,-0.22126929674099485
1691,-1550,-0.2214918548156616
1692,-1553,-0.2218254535066419
1693,-1554,-0.22193658954584405
1694,-1553,-0.2218254535066419
1695,-1553,-0.2218254535066419
1696,-1553,-0.2218254535066419
1697,-1551,-0.22160308615516502
1698,-1552,-0.22171428571428572
1699,-1550,-0.2214918548156616
1700,-1549,-0.2213805916821495
1701,-1551,-0.22160308615516502
1702,-1550,-0.2214918548156616
1703,-1550,-0.2214918548156616
1704,-1548,-0.22126929674099485
1705,-1552,-0.22171428571428572
1706,-1550,-0.2214918548156616
1707,-1553,-0.2218254535066419
1708,-1553,-0.2218254535066419
1709,-1553,-0.2218254535066419
1710,-1550,-0.2214918548156616
1711,-1554,-0.22193658954584405
1712,-1554,-0.22193658954584405
1713,-1552,-0.22171428571428572
1714,-1553,-0.2218254535066419
1715,-1550,-0.2214918548156616
1716,-1551,-0.22160308615516502
1717,-1550,-0.2214918548156616
1718,-1553,-0.2218254535066419
1719,-1549,-0.2213805916821495
1720,-1553,-0.2218254535066419
1721,-1551,-0.22160308615516502
1722,-1553,-0.2218254535066419
1723,-1552,-0.22171428571428572
1724,-1553,-0.2218254535066419
1725,-1552,-0.22171428571428572
1726,-1545,-0.22093522093522094
1727,-1554,-0.22193658954584405
1728,-1553,-0.2218254535066419
1729,-1551,-0.22160308615516502
1730,-1547,-0.2211579699785561
1731,-1552,-0.22171428571428572
1732,-1557,-0.22226980728051393
1733,-1551,-0.22160308615516502
1734,-1551,-0.22160308615516502
1735,-1551,-0.22160308615516502
1736,-1551,-0.22160308615516502
1737,-1553,-0.2218254535066419
1738,-1550,-0.2214918548156616
1739,-1552,-0.22171428571428572
1740,-1552,-0.22171428571428572
1741,-1548,-0.22126929674099485
1742,-1555,-0.22204769384549478
1743,-1554,-0.22193658954584405
1744,-1557,-0.22226980728051393
1745,-1559,-0.22249179392036536
1746,-1556,-0.22215876641918902
1747,-1557,-0.22226980728051393
1748,-1551,-0.22160308615516502
1749,-1554,-0.22193658954584405
1750,-1553,-0.2218254535066419
1751,-1556,-0.22215876641918902
1752,-1551,-0.22160308615516502
1753,-1551,-0.22160308615516502
1754,-1551,-0.22160308615516502
1755,-1553,-0.2218254535066419
1756,-1549,-0.2213805916821495
1757,-1551,-0.22160308615516502
1758,-1551,-0.22160308615516502
1759,-1547,-0.2211579699785561
1760,-1550,-0.2214918548156616
1761,-1553,-0.2218254535066419
1762,-1553,-0.2218254535066419
1763,-1552,-0.22171428571428572
1764,-1548,-0.22126929674099485
1765,-1553,-0.2218254535066419
1766,-1550,-0.2214918548156616
1767,-1552,-0.22171428571428572
1768,-1552,-0.22171428571428572
1769,-1554,-0.22193658954584405
1770,-1552,-0.22171428571428572
1771,-1552,-0.22171428571428572
1772,-1553,-0.2218254535066419
1773,-1551,-0.22160308615516502
1774,-1548,-0.22126929674099485
1775,-1554,-0.22193658954584405
1776,-1553,-0.2218254535066419
1777,-1547,-0.2211579699785561
1778,-1550,-0.2214918548156616
1779,-1552,-0.22171428571428572
1780,-1552,-0.22171428571428572
1781,-1547,-0.2211579699785561
1782,-1550,-0.2214918548156616
1783,-1549,-0.2213805916821495
1784,-1549,-0.2213805916821495
1785,-1551,-0.22160308615516502
1786,-1548,-0.22126929674099485
1787,-1550,-0.2214918548156616
1788,-1548,-0.22126929674099485
1789,-1550,-0.2214918548156616
1790,-1546,-0.22104661138118387
1791,-1547,-0.2211579699785561
1792,-1550,-0.2214918548156616
1793,-1547,-0.2211579699785561
1794,-1550,-0.2214918548156616
1795,-1547,-0.2211579699785561
1796,-1546,-0.22104661138118387
1797,-1551,-0.22160308615516502
1798,-1547,-0.2211579699785561
1799,-1548,-0.22126929674099485
1800,-790,-0.249920911104081
1801,-796,-0.25134196400378905
1802,-805,-0.253463476070529
1803,-786,-0.2489705416534685
1804,-796,-0.25134196400378905
1805,-794,-0.25086887835703003
1806,-811,-0.2548711502199874
1807,-815,-0.25580665411173886
1808,-806,-0.2536984576644633
1809,-812,-0.255105246622683
1810,-803,-0.25299306868304977
1811,-806,-0.2536984576644633
1812,-786,-0.2489705416534685
1813,-799,-0.2520504731861199
1814,-798,-0.25181445250867784
1815,-786,-0.2489705416534685
1816,-794,-0.25086887835703003
1817,-803,-0.25299306868304977
1818,-801,-0.2525220680958386
1819,-816,-0.25604016316284905
1820,-794,-0.25086887835703003
1821,-811,-0.2548711502199874
1822,-796,-0.25134196400378905
1823,-807,-0.2539332913782253
1824,-786,-0.2489705416534685
1825,-786,-0.2489705416534685
1826,-798,-0.25181445250867784
1827,-801,-0.2525220680958386
1828,-796,-0.25134196400378905
1829,-793,-0.2506321112515803
1830,-794,-0.25086887835703003
1831,-785,-0.24873257287705958
1832,-794,-0.25086887835703003
1833,-786,-0.2489705416534685
1834,-793,-0.2506321112515803
1835,-790,-0.249920911104081
1836,-777,-0.2468233799237611
1837,-778,-0.24706255954271197
1838,-779,-0.2473015873015873
1839,-774,-0.24610492845786963
1840,-786,-0.2489705416534685
1841,-790,-0.249920911104081
1842,-775,-0.2463445645263827
1843,-790,-0.249920911104081
1844,-777,-0.2468233799237611
1845,-798,-0.25181445250867784
1846,-777,-0.2468233799237611
1847,-778,-0.24706255954271197
1848,-779,-0.2473015873015873
1849,-786,-0.2489705416534685
1850,-790,-0.249920911104081
1851,-790,-0.249920911104081
1852,-786,-0.2489705416534685
1853,-777,-0.2468233799237611
1854,-781,-0.24777918781725888
1855,-791,-0.25015812776723595
1856,-786,-0.2489705416534685
1857,-786,-0.2489705416534685
1858,-792,-0.2503951944356623
1859,-790,-0.249920911104081
1860,-786,-0.2489705416534685
1861,-779,-0.2473015873015873
1862,-794,-0.25086887835703003
1863,-777,-0.2468233799237611
1864,-786,-0.2489705416534685
1865,-777,-0.2468233799237611
1866,-777,-0.2468233799237611
1867,-786,-0.2489705416534685
1868,-777,-0.2468233799237611
1869,-786,-0.2489705416534685
1870,-786,-0.2489705416534685
1871,-779,-0.2473015873015873
1872,-786,-0.2489705416534685
1873,-777,-0.2468233799237611
1874,-777,-0.2468233799237611
1875,-778,-0.24706255954271197
1876,-777,-0.2468233799237611
1877,-777,-0.2468233799237611
1878,-777,-0.2468233799237611
1879,-777,-0.2468233799237611
1880,-779,-0.2473015873015873
1881,-777,-0.2468233799237611
1882,-777,-0.2468233799237611
1883,-790,-0.249920911104081
1884,-777,-0.2468233799237611
1885,-777,-0.2468233799237611
1886,-779,-0.2473015873015873
1887,-777,-0.2468233799237611
1888,-777,-0.2468233799237611
1889,-777,-0.2468233799237611
1890,-777,-0.2468233799237611
1891,-777,-0.2468233799237611
1892,-786,-0.2489705416534685
1893,-777,-0.2468233799237611
1894,-777,-0.2468233799237611
1895,-777,-0.2468233799237611
1896,-777,-0.2468233799237611
1897,-777,-0.2468233799237611
1898,-777,-0.2468233799237611
1899,-777,-0.2468233799237611
1900,-777,-0.2468233799237611
1901,-796,-0.25134196400378905
1902,-777,-0.2468233799237611
1903,-775,-0.2463445645263827
1904,-777,-0.2468233799237611
1905,-777,-0.2468233799237611
1906,-777,-0.2468233799237611
1907,-777,-0.2468233799237611
1908,-777,-0.2468233799237611
1909,-790,-0.249920911104081
1910,-777,-0.2468233799237611
1911,-777,-0.2468233799237611
1912,-777,-0.2468233799237611
1913,-777,-0.2468233799237611
1914,-777,-0.2468233799237611
1915,-777,-0.2468233799237611
1916,-777,-0.2468233799237611
1917,-777,-0.2468233799237611
1918,-777,-0.2468233799237611
1919,-777,-0.2468233799237611
1920,-1081,-0.24612932604735882
1921,-1084,-0.2466439135381115
1922,-1085,-0.24681528662420382
1923,-1065,-0.2433729433272395
1924,-1077,-0.24544211485870557
1925,-1072,-0.24458133698380105
1926,-1077,-0.24544211485870557
1927,-1068,-0.24389129938342088
1928,-1084,-0.2466439135381115
1929,-1075,-0.24509803921568626
1930,-1064,-0.2432
1931,-1075,-0.24509803921568626
1932,-1055,-0.24163994502977554
1933,-1082,-0.24630093330298203
1934,-1072,-0.24458133698380105
1935,-1089,-0.2475
1936,-1083,-0.2464724624487938
1937,-1081,-0.24612932604735882
1938,-1081,-0.24612932604735882
1939,-1092,-0.2480127186009539
1940,-1074,-0.24492588369441276
1941,-1070,-0.24423647569048162
1942,-1069,-0.24406392694063928
1943,-1081,-0.24612932604735882
1944,-1047,-0.24024782010096374
1945,-1066,-0.24354580763079736
1946,-1060,-0.24250743536948066
1947,-1059,-0.24233409610983983
1948,-1037,-0.23850045998160074
1949,-1064,-0.2432
1950,-1064,-0.2432
1951,-1066,-0.24354580763079736
1952,-1063,-0.24302697759487882
1953,-1043,-0.2395498392282958
1954,-1042,-0.23937514357914083
1955,-1049,-0.24059633027522936
1956,-1099,-0.2492063492063492
1957,-1095,-0.24852473899228325
1958,-1087,-0.24715779899954524
1959,-1091,-0.24784189004997728
1960,-1077,-0.24544211485870557
1961,-1098,-0.24903606259922886
1962,-1079,-0.24578587699316629
1963,-1088,-0.2473289383950898
1964,-1090,-0.24767098386730288
1965,-1082,-0.24630093330298203
1966,-1090,-0.24767098386730288
1967,-1088,-0.2473289383950898
1968,-1067,-0.24371859296482412
1969,-1065,-0.2433729433272395
1970,-1068,-0.24389129938342088
1971,-1053,-0.24129239230064162
1972,-1075,-0.24509803921568626
1973,-1088,-0.2473289383950898
1974,-1078,-0.24561403508771928
1975,-1073,-0.24475364963503649
1976,-1074,-0.24492588369441276
1977,-1080,-0.2459576406285584
1978,-1078,-0.24561403508771928
1979,-1082,-0.24630093330298203
1980,-1017,-0.2349815157116451
1981,-1011,-0.23391948172142527
1982,-1028,-0.23692094952754092
1983,-1039,-0.23885057471264368
1984,-1012,-0.2340966921119593
1985,-1015,-0.23462783171521034
1986,-1013,-0.23427382053654025
1987,-1019,-0.2353348729792148
1988,-1017,-0.2349815157116451
1989,-1025,-0.2363929889298893
1990,-1015,-0.23462783171521034
1991,-1017,-0.2349815157116451
1992,-1017,-0.2349815157116451
1993,-1012,-0.2340966921119593
1994,-1008,-0.233387358184765
1995,-1017,-0.2349815157116451
1996,-1006,-0.23303219828584665
1997,-1000,-0.2319647413593134
1998,-1019,-0.2353348729792148
1999,-1009,-0.2335648148148148
2000,-1014,-0.23445086705202312
2001,-1007,-0.2332098193608152
2002,-1017,-0.2349815157116451
2003,-1010,-0.23374218930803053
2004,-1006,-0.23303219828584665
2005,-997,-0.23142989786443827
2006,-1005,-0.23285449490268767
2007,-1001,-0.23214285714285715
2008,-1007,-0.2332098193608152
2009,-995,-0.2310729215048769
2010,-1017,-0.2349815157116451
2011,-1017,-0.2349815157116451
2012,-1005,-0.23285449490268767
2013,-1004,-0.23267670915411356
2014,-1010,-0.23374218930803053
2015,-1003,-0.23249884098284654
2016,-1003,-0.23249884098284654
2017,-994,-0.23089430894308943
2018,-1003,-0.23249884098284654
2019,-988,-0.22982088857873925
2020,-1011,-0.23391948172142527
2021,-989,-0.23
2022,-1008,-0.233387358184765
2023,-1009,-0.2335648148148148
2024,-1003,-0.23249884098284654
2025,-992,-0.23053683476644202
2026,-990,-0.23017902813299232
2027,-1000,-0.2319647413593134
2028,-988,-0.22982088857873925
2029,-986,-0.22946241563881778
2030,-987,-0.2296416938110749
2031,-989,-0.23
2032,-990,-0.23017902813299232
2033,-982,-0.22874446773817844
2034,-975,-0.22748483434437705
2035,-1003,-0.23249884098284654
2036,-989,-0.23
2037,-984,-0.2291036088474971
2038,-981,-0.22856477166821995
2039,-976,-0.22766503382318637
2040,-271,-0.29014989293361887
2041,-271,-0.29014989293361887
2042,-271,-0.29014989293361887
2043,-271,-0.29014989293361887
2044,-271,-0.29014989293361887
2045,-271,-0.29014989293361887
2046,-271,-0.29014989293361887
2047,-271,-0.29014989293361887
2048,-271,-0.29014989293361887
2049,-271,-0.29014989293361887
2050,-271,-0.29014989293361887
2051,-271,-0.29014989293361887
2052,-271,-0.29014989293361887
2053,-271,-0.29014989293361887
2054,-271,-0.29014989293361887
2055,-271,-0.29014989293361887
2056,-271,-0.29014989293361887
2057,-271,-0.29014989293361887
2058,-271,-0.29014989293361887
2059,-271,-0.29014989293361887
2060,-271,-0.29014989293361887
2061,-271,-0.29014989293361887
2062,-271,-0.29014989293361887
2063,-271,-0.29014989293361887
2064,-271,-0.29014989293361887
2065,-271,-0.29014989293361887
2066,-271,-0.29014989293361887
2067,-271,-0.29014989293361887
2068,-271,-0.29014989293361887
2069,-271,-0.29014989293361887
2070,-271,-0.29014989293361887
2071,-271,-0.29014989293361887
2072,-271,-0.29014989293361887
2073,-271,-0.29014989293361887
2074,-271,-0.29014989293361887
2075,-271,-0.29014989293361887
2076,-271,-0.29014989293361887
2077,-271,-0.29014989293361887
2078,-271,-0.29014989293361887
2079,-271,-0.29014989293361887
2080,-271,-0.29014989293361887
2081,-271,-0.29014989293361887
2082,-271,-0.29014989293361887
2083,-271,-0.29014989293361887
2084,-271,-0.29014989293361887
2085,-271,-0.29014989293361887
2086,-271,-0.29014989293361887
2087,-271,-0.29014989293361887
2088,-271,-0.29014989293361887
2089,-271,-0.29014989293361887
2090,-271,-0.29014989293361887
2091,-271,-0.29014989293361887
2092,-271,-0.29014989293361887
2093,-271,-0.29014989293361887
2094,-271,-0.29014989293361887
2095,-271,-0.29014989293361887
2096,-271,-0.29014989293361887
2097,-271,-0.29014989293361887
2098,-271,-0.29014989293361887
2099,-271,-0.29014989293361887
2100,-271,-0.29014989293361887
2101,-271,-0.29014989293361887
2102,-271,-0.29014989293361887
2103,-271,-0.29014989293361887
2104,-271,-0.29014989293361887
2105,-271,-0.29014989293361887
2106,-271,-0.29014989293361887
2107,-271,-0.29014989293361887
2108,-271,-0.29014989293361887
2109,-271,-0.29014989293361887
2110,-271,-0.29014989293361887
2111,-271,-0.29014989293361887
2112,-271,-0.29014989293361887
2113,-271,-0.29014989293361887
2114,-271,-0.29014989293361887
2115,-271,-0.29014989293361887
2116,-271,-0.29014989293361887
2117,-271,-0.29014989293361887
2118,-271,-0.29014989293361887
2119,-271,-0.29014989293361887
2120,-271,-0.29014989293361887
2121,-271,-0.29014989293361887
2122,-271,-0.29014989293361887
2123,-271,-0.29014989293361887
2124,-271,-0.29014989293361887
2125,-271,-0.29014989293361887
2126,-271,-0.29014989293361887
2127,-271,-0.29014989293361887
2128,-271,-0.29014989293361887
2129,-271,-0.29014989293361887
2130,-271,-0.29014989293361887
2131,-271,-0.29014989293361887
2132,-271,-0.29014989293361887
2133,-271,-0.29014989293361887
2134,-271,-0.29014989293361887
2135,-271,-0.29014989293361887
2136,-271,-0.29014989293361887
2137,-271,-0.29014989293361887
2138,-271,-0.29014989293361887
2139,-271,-0.29014989293361887
2140,-271,-0.29014989293361887
2141,-271,-0.29014989293361887
2142,-271,-0.29014989293361887
2143,-271,-0.29014989293361887
2144,-271,-0.29014989293361887
2145,-271,-0.29014989293361887
2146,-271,-0.29014989293361887
2147,-271,-0.29014989293361887
2148,-271,-0.29014989293361887
2149,-271,-0.29014989293361887
2150,-271,-0.29014989293361887
2151,-271,-0.29014989293361887
2152,-271,-0.29014989293361887
2153,-271,-0.29014989293361887
2154,-271,-0.29014989293361887
2155,-271,-0.29014989293361887
2156,-271,-0.29014989293361887
2157,-271,-0.29014989293361887
2158,-271,-0.29014989293361887
2159,-271,-0.29014989293361887
2160,-293,-0.28866995073891627
2161,-293,-0.28866995073891627
2162,-293,-0.28866995073891627
2163,-293,-0.28866995073891627
2164,-293,-0.28866995073891627
2165,-293,-0.28866995073891627
2166,-293,-0.28866995073891627
2167,-293,-0.28866995073891627
2168,-293,-0.28866995073891627
2169,-293,-0.28866995073891627
2170,-293,-0.28866995073891627
2171,-293,-0.28866995073891627
2172,-293,-0.28866995073891627
2173,-293,-0.28866995073891627
2174,-293,-0.28866995073891627
2175,-293,-0.28866995073891627
2176,-293,-0.28866995073891627
2177,-293,-0.28866995073891627
2178,-293,-0.28866995073891627
2179,-293,-0.28866995073891627
2180,-293,-0.28866995073891627
2181,-293,-0.28866995073891627
2182,-293,-0.28866995073891627
2183,-293,-0.28866995073891627
2184,-293,-0.28866995073891627
2185,-293,-0.28866995073891627
2186,-293,-0.28866995073891627
2187,-293,-0.28866995073891627
2188,-293,-0.28866995073891627
2189,-293,-0.28866995073891627
2190,-293,-0.28866995073891627
2191,-293,-0.28866995073891627
2192,-293,-0.28866995073891627
2193,-293,-0.28866995073891627
2194,-293,-0.28866995073891627
2195,-293,-0.28866995073891627
2196,-293,-0.28866995073891627
2197,-293,-0.28866995073891627
2198,-292,-0.2879684418145957
2199,-293,-0.28866995073891627
2200,-293,-0.28866995073891627
2201,-293,-0.28866995073891627
2202,-293,-0.28866995073891627
2203,-293,-0.28866995073891627
2204,-293,-0.28866995073891627
2205,-293,-0.28866995073891627
2206,-293,-0.28866995073891627
2207,-293,-0.28866995073891627
2208,-293,-0.28866995073891627
2209,-293,-0.28866995073891627
2210,-293,-0.28866995073891627
2211,-293,-0.28866995073891627
2212,-293,-0.28866995073891627
2213,-293,-0.28866995073891627
2214,-293,-0.28866995073891627
2215,-293,-0.28866995073891627
2216,-293,-0.28866995073891627
2217,-293,-0.28866995073891627
2218,-293,-0.28866995073891627
2219,-293,-0.28866995073891627
2220,-293,-0.28866995073891627
2221,-293,-0.28866995073891627
2222,-293,-0.28866995073891627
2223,-293,-0.28866995073891627
2224,-293,-0.28866995073891627
2225,-293,-0.28866995073891627
2226,-293,-0.28866995073891627
2227,-293,-0.28866995073891627
2228,-293,-0.28866995073891627
2229,-293,-0.28866995073891627
2230,-293,-0.28866995073891627
2231,-293,-0.28866995073891627
2232,-293,-0.28866995073891627
2233,-293,-0.28866995073891627
2234,-293,-0.28866995073891627
2235,-293,-0.28866995073891627
2236,-293,-0.28866995073891627
2237,-293,-0.28866995073891627
2238,-293,-0.28866995073891627
2239,-293,-0.28866995073891627
2240,-293,-0.28866995073891627
2241,-293,-0.28866995073891627
2242,-293,-0.28866995073891627
2243,-293,-0.28866995073891627
2244,-293,-0.28866995073891627
2245,-293,-0.28866995073891627
2246,-293,-0.28866995073891627
2247,-293,-0.28866995073891627
2248,-293,-0.28866995073891627
2249,-293,-0.28866995073891627
2250,-293,-0.28866995073891627
2251,-293,-0.28866995073891627
2252,-293,-0.28866995073891627
2253,-293,-0.28866995073891627
2254,-293,-0.28866995073891627
2255,-293,-0.28866995073891627
2256,-293,-0.28866995073891627
2257,-293,-0.28866995073891627
2258,-293,-0.28866995073891627
2259,-293,-0.28866995073891627
2260,-293,-0.28866995073891627
2261,-293,-0.28866995073891627
2262,-293,-0.28866995073891627
2263,-293,-0.28866995073891627
2264,-293,-0.28866995073891627
2265,-293,-0.28866995073891627
2266,-293,-0.28866995073891627
2267,-293,-0.28866995073891627
2268,-293,-0.28866995073891627
2269,-293,-0.28866995073891627
2270,-293,-0.28866995073891627
2271,-293,-0.28866995073891627
2272,-293,-0.28866995073891627
2273,-293,-0.28866995073891627
2274,-292,-0.2879684418145957
2275,-293,-0.28866995073891627
2276,-293,-0.28866995073891627
2277,-293,-0.28866995073891627
2278,-293,-0.28866995073891627
2279,-293,-0.28866995073891627
2280,-523,-0.23772727272727273
2281,-525,-0.23841961852861035
2282,-525,-0.23841961852861035
2283,-525,-0.23841961852861035
2284,-521,-0.2370336669699727
2285,-525,-0.23841961852861035
2286,-521,-0.2370336669699727
2287,-523,-0.23772727272727273
2288,-521,-0.2370336669699727
2289,-531,-0.24048913043478262
2290,-521,-0.2370336669699727
2291,-514,-0.2345960748516659
2292,-521,-0.2370336669699727
2293,-524,-0.2380736029077692
2294,-525,-0.23841961852861035
2295,-525,-0.23841961852861035
2296,-522,-0.2373806275579809
2297,-533,-0.2411764705882353
2298,-516,-0.23529411764705882
2299,-514,-0.2345960748516659
2300,-520,-0.23668639053254437
2301,-531,-0.24048913043478262
2302,-564,-0.25167336010709507
2303,-525,-0.23841961852861035
2304,-525,-0.23841961852861035
2305,-525,-0.23841961852861035
2306,-514,-0.2345960748516659
2307,-525,-0.23841961852861035
2308,-514,-0.2345960748516659
2309,-516,-0.23529411764705882
2310,-522,-0.2373806275579809
2311,-531,-0.24048913043478262
2312,-525,-0.23841961852861035
2313,-529,-0.2398005439709882
2314,-521,-0.2370336669699727
2315,-514,-0.2345960748516659
2316,-525,-0.23841961852861035
2317,-527,-0.23911070780399274
2318,-532,-0.24083295608872793
2319,-525,-0.23841961852861035
2320,-514,-0.2345960748516659
2321,-525,-0.23841961852861035
2322,-515,-0.23494525547445255
2323,-514,-0.2345960748516659
2324,-525,-0.23841961852861035
2325,-524,-0.2380736029077692
2326,-523,-0.23772727272727273
2327,-534,-0.24151967435549526
2328,-514,-0.2345960748516659
2329,-521,-0.2370336669699727
2330,-515,-0.23494525547445255
2331,-517,-0.23564266180492252
2332,-514,-0.2345960748516659
2333,-514,-0.2345960748516659
2334,-521,-0.2370336669699727
2335,-514,-0.2345960748516659
2336,-526,-0.23876532001815706
2337,-513,-0.23424657534246576
2338,-525,-0.23841961852861035
2339,-525,-0.23841961852861035
2340,-521,-0.2370336669699727
2341,-516,-0.23529411764705882
2342,-514,-0.2345960748516659
2343,-525,-0.23841961852861035
2344,-529,-0.2398005439709882
2345,-514,-0.2345960748516659
2346,-525,-0.23841961852861035
2347,-514,-0.2345960748516659
2348,-516,-0.23529411764705882
2349,-514,-0.2345960748516659
2350,-513,-0.23424657534246576
2351,-525,-0.23841961852861035
2352,-525,-0.23841961852861035
2353,-525,-0.23841961852861035
2354,-514,-0.2345960748516659
2355,-521,-0.2370336669699727
2356,-514,-0.2345960748516659
2357,-521,-0.2370336669699727
2358,-517,-0.23564266180492252
2359,-523,-0.23772727272727273
2360,-525,-0.23841961852861035
2361,-521,-0.2370336669699727
2362,-516,-0.23529411764705882
2363,-516,-0.23529411764705882
2364,-516,-0.23529411764705882
2365,-514,-0.2345960748516659
2366,-525,-0.23841961852861035
2367,-525,-0.23841961852861035
2368,-514,-0.2345960748516659
2369,-514,-0.2345960748516659
2370,-521,-0.2370336669699727
2371,-521,-0.2370336669699727
2372,-525,-0.23841961852861035
2373,-514,-0.2345960748516659
2374,-516,-0.23529411764705882
2375,-523,-0.23772727272727273
2376,-517,-0.23564266180492252
2377,-525,-0.23841961852861035
2378,-521,-0.2370336669699727
2379,-521,-0.2370336669699727
2380,-513,-0.23424657534246576
2381,-514,-0.2345960748516659
2382,-525,-0.23841961852861035
2383,-525,-0.23841961852861035
2384,-525,-0.23841961852861035
2385,-521,-0.2370336669699727
2386,-525,-0.23841961852861035
2387,-521,-0.2370336669699727
2388,-516,-0.23529411764705882
2389,-519,-0.23633879781420766
2390,-521,-0.2370336669699727
2391,-525,-0.23841961852861035
2392,-514,-0.2345960748516659
2393,-521,-0.2370336669699727
2394,-516,-0.23529411764705882
2395,-515,-0.23494525547445255
2396,-513,-0.23424657534246576
2397,-516,-0.23529411764705882
2398,-521,-0.2370336669699727
2399,-516,-0.23529411764705882
2400,-903,-0.1829416531604538
2401,-905,-0.18327257999189955
2402,-895,-0.18161525974025974
2403,-903,-0.1829416531604538
2404,-907,-0.18360323886639676
2405,-909,-0.1839336301092675
2406,-909,-0.1839336301092675
2407,-908,-0.1837684679214734
2408,-912,-0.18442871587462084
2409,-903,-0.1829416531604538
2410,-903,-0.1829416531604538
2411,-907,-0.18360323886639676
2412,-895,-0.18161525974025974
2413,-894,-0.18144915770245584
2414,-895,-0.18161525974025974
2415,-895,-0.18161525974025974
2416,-900,-0.18244475978106628
2417,-892,-0.18111675126903554
2418,-889,-0.1806176351076798
2419,-898,-0.18211316163050092
2420,-892,-0.18111675126903554
2421,-885,-0.1799511996746645
2422,-896,-0.18178129438019883
2423,-884,-0.17978442139515965
2424,-892,-0.18111675126903554
2425,-886,-0.18011791014433828
2426,-885,-0.1799511996746645
2427,-893,-0.18128298822574096
2428,-896,-0.18178129438019883
2429,-888,-0.18045112781954886
2430,-895,-0.18161525974025974
2431,-895,-0.18161525974025974
2432,-895,-0.18161525974025974
2433,-893,-0.18128298822574096
2434,-890,-0.18078407475116798
2435,-879,-0.17894951140065146
2436,-878,-0.1787823253919772
2437,-891,-0.18095044679122665
2438,-876,-0.1784477490323895
2439,-877,-0.17861507128309573
2440,-878,-0.1787823253919772
2441,-894,-0.18144915770245584
2442,-878,-0.1787823253919772
2443,-883,-0.17961757526444264
2444,-875,-0.178280358598207
2445,-883,-0.17961757526444264
2446,-885,-0.1799511996746645
2447,-882,-0.17945066124109868
2448,-883,-0.17961757526444264
2449,-873,-0.17794537301263758
2450,-877,-0.17861507128309573
2451,-874,-0.17811289993886284
2452,-872,-0.17777777777777778
2453,-878,-0.1787823253919772
2454,-877,-0.17861507128309573
2455,-875,-0.178280358598207
2456,-873,-0.17794537301263758
2457,-878,-0.1787823253919772
2458,-884,-0.17978442139515965
2459,-883,-0.17961757526444264
2460,-864,-0.1764345517663876
2461,-876,-0.1784477490323895
2462,-872,-0.17777777777777778
2463,-870,-0.17744238221497044
2464,-870,-0.17744238221497044
2465,-870,-0.17744238221497044
2466,-880,-0.17911662935070222
2467,-871,-0.17761011419249592
2468,-873,-0.17794537301263758
2469,-878,-0.1787823253919772
2470,-864,-0.1764345517663876
2471,-866,-0.17677076954480506
2472,-872,-0.17777777777777778
2473,-866,-0.17677076954480506
2474,-867,-0.1769387755102041
2475,-868,-0.1771067129157315
2476,-874,-0.17811289993886284
2477,-870,-0.17744238221497044
2478,-877,-0.17861507128309573
2479,-873,-0.17794537301263758
2480,-866,-0.17677076954480506
2481,-860,-0.17576129164111998
2482,-869,-0.17727458180334557
2483,-873,-0.17794537301263758
2484,-860,-0.17576129164111998
2485,-870,-0.17744238221497044
2486,-862,-0.17609805924412666
2487,-865,-0.17660269497754186
2488,-871,-0.17761011419249592
2489,-865,-0.17660269497754186
2490,-866,-0.17677076954480506
2491,-869,-0.17727458180334557
2492,-859,-0.17559280457890433
2493,-863,-0.17626633986928106
2494,-868,-0.1771067129157315
2495,-863,-0.17626633986928106
2496,-874,-0.17811289993886284
2497,-873,-0.17794537301263758
2498,-861,-0.17592970984879444
2499,-861,-0.17592970984879444
2500,-866,-0.17677076954480506
2501,-870,-0.17744238221497044
2502,-862,-0.17609805924412666
2503,-869,-0.17727458180334557
2504,-861,-0.17592970984879444
2505,-864,-0.1764345517663876
2506,-873,-0.17794537301263758
2507,-865,-0.17660269497754186
2508,-864,-0.1764345517663876
2509,-868,-0.1771067129157315
2510,-863,-0.17626633986928106
2511,-860,-0.17576129164111998
2512,-869,-0.17727458180334557
2513,-872,-0.17777777777777778
2514,-868,-0.1771067129157315
2515,-868,-0.1771067129157315
2516,-863,-0.17626633986928106
2517,-866,-0.17677076954480506
2518,-866,-0.17677076954480506
2519,-858,-0.17542424861991412
